id,username,email,first_name,last_name,addresses,age,gender,persona,discount_persona,selectable_user
15,user15,william.tran@example.com,William,Tran,"[{'first_name': 'William', 'last_name': 'Tran', 'address1': '9386 Scott Throughway Suite 499', 'address2': '', 'country': 'US', 'city': 'Port Corymouth', 'state': 'CT', 'zipcode': '06321', 'default': True}]",25,M,seasonal_furniture_floral,lower_priced_products,True
28,user28,ashley.smith@example.com,Ashley,Smith,"[{'first_name': 'Ashley', 'last_name': 'Smith', 'address1': '231 James Pines', 'address2': '', 'country': 'US', 'city': 'Riosville', 'state': 'SC', 'zipcode': '29792', 'default': True}]",35,F,electronics_outdoors_footwear,discount_indifferent,True
38,user38,jonathan.davis@example.com,Jonathan,Davis,"[{'first_name': 'Jonathan', 'last_name': 'Davis', 'address1': '68784 Hanson Plain', 'address2': '', 'country': 'US', 'city': 'North Nathanielshire', 'state': 'MN', 'zipcode': '56143', 'default': True}]",22,M,footwear_jewelry_furniture,all_discounts,True
80,user80,michelle.craig@example.com,Michelle,Craig,"[{'first_name': 'Michelle', 'last_name': 'Craig', 'address1': '40666 Daugherty Harbor Suite 043', 'address2': '', 'country': 'US', 'city': 'Kimberlyhaven', 'state': 'NE', 'zipcode': '68107', 'default': True}]",22,F,housewares_floral_seasonal,all_discounts,True
148,user148,randy.hernandez@example.com,Randy,Hernandez,"[{'first_name': 'Randy', 'last_name': 'Hernandez', 'address1': '8997 Bruce Brook', 'address2': '', 'country': 'US', 'city': 'Angelaburgh', 'state': 'CO', 'zipcode': '81328', 'default': True}]",35,M,seasonal_furniture_floral,all_discounts,True
165,user165,jason.jennings@example.com,Jason,Jennings,"[{'first_name': 'Jason', 'last_name': 'Jennings', 'address1': '32346 Ortega Dam', 'address2': '', 'country': 'US', 'city': 'Kyleville', 'state': 'RI', 'zipcode': '02918', 'default': True}]",21,M,beauty_accessories_instruments,lower_priced_products,True
178,user178,jamie.mcgrath@example.com,Jamie,Mcgrath,"[{'first_name': 'Jamie', 'last_name': 'Mcgrath', 'address1': '88871 Richards Road Suite 131', 'address2': '', 'country': 'US', 'city': 'New Hectormouth', 'state': 'DC', 'zipcode': '20021', 'default': True}]",31,F,books_apparel_homedecor,discount_indifferent,True
181,user181,donald.garcia@example.com,Donald,Garcia,"[{'first_name': 'Donald', 'last_name': 'Garcia', 'address1': '7578 Stephanie Mount', 'address2': '', 'country': 'US', 'city': 'Sandraberg', 'state': 'HI', 'zipcode': '96863', 'default': True}]",30,M,accessories_groceries_books,all_discounts,True
191,user191,patricia.adams@example.com,Patricia,Adams,"[{'first_name': 'Patricia', 'last_name': 'Adams', 'address1': '85926 Elizabeth Greens Suite 514', 'address2': '', 'country': 'US', 'city': 'Stanleyside', 'state': 'NJ', 'zipcode': '08661', 'default': True}]",21,F,homedecor_electronics_outdoors,discount_indifferent,True
215,user215,melanie.rosario@example.com,Melanie,Rosario,"[{'first_name': 'Melanie', 'last_name': 'Rosario', 'address1': '34465 Monica Vista Apt. 938', 'address2': '', 'country': 'US', 'city': 'Porterbury', 'state': 'MT', 'zipcode': '59059', 'default': True}]",42,F,housewares_tools_beauty,all_discounts,True
233,user233,jessica.fox@example.com,Jessica,Fox,"[{'first_name': 'Jessica', 'last_name': 'Fox', 'address1': '05184 Lee Plains Apt. 529', 'address2': '', 'country': 'US', 'city': 'Michaeltown', 'state': 'IA', 'zipcode': '52722', 'default': True}]",37,F,electronics_outdoors_footwear,all_discounts,True
260,user260,danielle.perez@example.com,Danielle,Perez,"[{'first_name': 'Danielle', 'last_name': 'Perez', 'address1': '7851 Munoz Roads Suite 837', 'address2': '', 'country': 'US', 'city': 'Lake Steve', 'state': 'HI', 'zipcode': '96813', 'default': True}]",22,F,seasonal_furniture_floral,discount_indifferent,True
289,user289,sierra.henry@example.com,Sierra,Henry,"[{'first_name': 'Sierra', 'last_name': 'Henry', 'address1': '0931 Lauren Junctions Apt. 607', 'address2': '', 'country': 'US', 'city': 'South Roger', 'state': 'MT', 'zipcode': '59448', 'default': True}]",28,F,apparel_footwear_accessories,discount_indifferent,True
314,user314,jacob.hardy@example.com,Jacob,Hardy,"[{'first_name': 'Jacob', 'last_name': 'Hardy', 'address1': '30176 Laura Trace Suite 880', 'address2': '', 'country': 'US', 'city': 'Crossborough', 'state': 'GA', 'zipcode': '31139', 'default': True}]",60,M,books_apparel_homedecor,lower_priced_products,True
367,user367,christopher.reynolds@example.com,Christopher,Reynolds,"[{'first_name': 'Christopher', 'last_name': 'Reynolds', 'address1': '977 Hannah Isle Suite 053', 'address2': '', 'country': 'US', 'city': 'Lake Holly', 'state': 'CO', 'zipcode': '80443', 'default': True}]",59,M,footwear_jewelry_furniture,all_discounts,True
385,user385,eric.skinner@example.com,Eric,Skinner,"[{'first_name': 'Eric', 'last_name': 'Skinner', 'address1': '6279 Potter Harbor Suite 024', 'address2': '', 'country': 'US', 'city': 'Jasonton', 'state': 'HI', 'zipcode': '96745', 'default': True}]",43,M,furniture_homedecor_housewares,discount_indifferent,True
398,user398,patricia.lopez@example.com,Patricia,Lopez,"[{'first_name': 'Patricia', 'last_name': 'Lopez', 'address1': '585 Breanna Grove Suite 525', 'address2': '', 'country': 'US', 'city': 'North Wayneport', 'state': 'CT', 'zipcode': '06315', 'default': True}]",33,F,groceries_seasonal_tools,discount_indifferent,True
408,user408,nicole.stephens@example.com,Nicole,Stephens,"[{'first_name': 'Nicole', 'last_name': 'Stephens', 'address1': '5001 Derrick Villages', 'address2': '', 'country': 'US', 'city': 'Alexanderfort', 'state': 'NH', 'zipcode': '03252', 'default': True}]",18,F,accessories_groceries_books,discount_indifferent,True
438,user438,andrew.lam@example.com,Andrew,Lam,"[{'first_name': 'Andrew', 'last_name': 'Lam', 'address1': '760 Edwards Well Apt. 049', 'address2': '', 'country': 'US', 'city': 'Lake Heatherton', 'state': 'ID', 'zipcode': '83864', 'default': True}]",47,M,furniture_homedecor_housewares,discount_indifferent,True
484,user484,cheryl.cortez@example.com,Cheryl,Cortez,"[{'first_name': 'Cheryl', 'last_name': 'Cortez', 'address1': '194 Joseph Highway', 'address2': '', 'country': 'US', 'city': 'New Monica', 'state': 'UT', 'zipcode': '84130', 'default': True}]",39,F,footwear_jewelry_furniture,discount_indifferent,True
488,user488,sandra.hart@example.com,Sandra,Hart,"[{'first_name': 'Sandra', 'last_name': 'Hart', 'address1': '16782 Howard Forest Apt. 669', 'address2': '', 'country': 'US', 'city': 'Port Marybury', 'state': 'DC', 'zipcode': '20009', 'default': True}]",28,F,furniture_homedecor_housewares,all_discounts,True
518,user518,caleb.lee@example.com,Caleb,Lee,"[{'first_name': 'Caleb', 'last_name': 'Lee', 'address1': '1061 Crystal Rapids Suite 563', 'address2': '', 'country': 'US', 'city': 'West Mariaville', 'state': 'CO', 'zipcode': '80945', 'default': True}]",47,M,instruments_books_electronics,discount_indifferent,True
560,user560,diane.martin@example.com,Diane,Martin,"[{'first_name': 'Diane', 'last_name': 'Martin', 'address1': '677 Karen Green', 'address2': '', 'country': 'US', 'city': 'Jameshaven', 'state': 'SC', 'zipcode': '29881', 'default': True}]",39,F,accessories_groceries_books,lower_priced_products,True
568,user568,nathaniel.lucero@example.com,Nathaniel,Lucero,"[{'first_name': 'Nathaniel', 'last_name': 'Lucero', 'address1': '983 Patricia Forks', 'address2': '', 'country': 'US', 'city': 'South Sherry', 'state': 'ND', 'zipcode': '58389', 'default': True}]",33,M,accessories_groceries_books,all_discounts,True
569,user569,kelsey.cummings@example.com,Kelsey,Cummings,"[{'first_name': 'Kelsey', 'last_name': 'Cummings', 'address1': '85653 Terry Manor Suite 031', 'address2': '', 'country': 'US', 'city': 'New Timothy', 'state': 'AR', 'zipcode': '72813', 'default': True}]",53,F,electronics_outdoors_footwear,discount_indifferent,True
600,user600,kelli.miller@example.com,Kelli,Miller,"[{'first_name': 'Kelli', 'last_name': 'Miller', 'address1': '96183 Donna Roads', 'address2': '', 'country': 'US', 'city': 'East Sharonmouth', 'state': 'NM', 'zipcode': '87082', 'default': True}]",19,F,apparel_footwear_accessories,discount_indifferent,True
606,user606,erin.morgan@example.com,Erin,Morgan,"[{'first_name': 'Erin', 'last_name': 'Morgan', 'address1': '426 Tracy Brooks', 'address2': '', 'country': 'US', 'city': 'Marcuston', 'state': 'MT', 'zipcode': '59132', 'default': True}]",34,F,instruments_books_electronics,lower_priced_products,True
665,user665,patricia.obrien@example.com,Patricia,Obrien,"[{'first_name': 'Patricia', 'last_name': 'Obrien', 'address1': '0919 Ashley Stravenue Apt. 700', 'address2': '', 'country': 'US', 'city': 'Vangport', 'state': 'ID', 'zipcode': '83616', 'default': True}]",22,F,seasonal_furniture_floral,lower_priced_products,True
683,user683,henry.ellis@example.com,Henry,Ellis,"[{'first_name': 'Henry', 'last_name': 'Ellis', 'address1': '100 Donald Prairie Suite 094', 'address2': '', 'country': 'US', 'city': 'Port Vanessa', 'state': 'FL', 'zipcode': '32715', 'default': True}]",24,M,seasonal_furniture_floral,all_discounts,True
722,user722,joseph.becker@example.com,Joseph,Becker,"[{'first_name': 'Joseph', 'last_name': 'Becker', 'address1': '0650 Melissa Fort Apt. 901', 'address2': '', 'country': 'US', 'city': 'East Aaronchester', 'state': 'WA', 'zipcode': '98392', 'default': True}]",25,M,books_apparel_homedecor,all_discounts,True
725,user725,beverly.martin@example.com,Beverly,Martin,"[{'first_name': 'Beverly', 'last_name': 'Martin', 'address1': '929 Gina Summit Apt. 239', 'address2': '', 'country': 'US', 'city': 'East Morgan', 'state': 'IA', 'zipcode': '52310', 'default': True}]",37,F,furniture_homedecor_housewares,lower_priced_products,True
736,user736,adam.harris@example.com,Adam,Harris,"[{'first_name': 'Adam', 'last_name': 'Harris', 'address1': '30568 Bryan Square Apt. 652', 'address2': '', 'country': 'US', 'city': 'Lake Kelly', 'state': 'NM', 'zipcode': '88110', 'default': True}]",51,M,furniture_homedecor_housewares,discount_indifferent,True
751,user751,edward.brown@example.com,Edward,Brown,"[{'first_name': 'Edward', 'last_name': 'Brown', 'address1': '86329 Robertson Station', 'address2': '', 'country': 'US', 'city': 'North Maria', 'state': 'OH', 'zipcode': '45749', 'default': True}]",22,M,books_apparel_homedecor,all_discounts,True
754,user754,patricia.murphy@example.com,Patricia,Murphy,"[{'first_name': 'Patricia', 'last_name': 'Murphy', 'address1': '83930 Claudia Wall Apt. 526', 'address2': '', 'country': 'US', 'city': 'New Tinaville', 'state': 'ME', 'zipcode': '04859', 'default': True}]",30,F,apparel_footwear_accessories,all_discounts,True
768,user768,stacey.vasquez@example.com,Stacey,Vasquez,"[{'first_name': 'Stacey', 'last_name': 'Vasquez', 'address1': '69392 Allen Port Apt. 546', 'address2': '', 'country': 'US', 'city': 'West Elizabethfurt', 'state': 'FL', 'zipcode': '34429', 'default': True}]",51,F,seasonal_furniture_floral,discount_indifferent,True
797,user797,robert.pugh@example.com,Robert,Pugh,"[{'first_name': 'Robert', 'last_name': 'Pugh', 'address1': '411 Lewis Wall', 'address2': '', 'country': 'US', 'city': 'Garciaberg', 'state': 'CA', 'zipcode': '95524', 'default': True}]",55,M,groceries_seasonal_tools,discount_indifferent,True
804,user804,sonya.smith@example.com,Sonya,Smith,"[{'first_name': 'Sonya', 'last_name': 'Smith', 'address1': '61195 Jeffrey Pike Apt. 134', 'address2': '', 'country': 'US', 'city': 'Jerryport', 'state': 'HI', 'zipcode': '96720', 'default': True}]",38,F,apparel_footwear_accessories,lower_priced_products,True
812,user812,michael.hampton@example.com,Michael,Hampton,"[{'first_name': 'Michael', 'last_name': 'Hampton', 'address1': '77842 Daniel Well', 'address2': '', 'country': 'US', 'city': 'Calvinland', 'state': 'NH', 'zipcode': '03228', 'default': True}]",48,M,housewares_floral_seasonal,lower_priced_products,True
836,user836,christian.stanton@example.com,Christian,Stanton,"[{'first_name': 'Christian', 'last_name': 'Stanton', 'address1': '379 Jimenez Prairie Apt. 399', 'address2': '', 'country': 'US', 'city': 'Maryville', 'state': 'KS', 'zipcode': '67160', 'default': True}]",32,M,homedecor_electronics_outdoors,all_discounts,True
889,user889,jamie.holland@example.com,Jamie,Holland,"[{'first_name': 'Jamie', 'last_name': 'Holland', 'address1': '92638 Huang Stravenue Apt. 495', 'address2': '', 'country': 'US', 'city': 'North Chelsea', 'state': 'LA', 'zipcode': '70471', 'default': True}]",22,F,outdoors_instruments_groceries,discount_indifferent,True
912,user912,lisa.williams@example.com,Lisa,Williams,"[{'first_name': 'Lisa', 'last_name': 'Williams', 'address1': '32082 Scott Corner Suite 099', 'address2': '', 'country': 'US', 'city': 'South Tracyport', 'state': 'SD', 'zipcode': '57363', 'default': True}]",28,F,groceries_seasonal_tools,discount_indifferent,True
941,user941,shannon.stanley@example.com,Shannon,Stanley,"[{'first_name': 'Shannon', 'last_name': 'Stanley', 'address1': '45604 Merritt Island Apt. 990', 'address2': '', 'country': 'US', 'city': 'Floresbury', 'state': 'WY', 'zipcode': '82482', 'default': True}]",28,F,homedecor_electronics_outdoors,lower_priced_products,True
992,user992,troy.ferguson@example.com,Troy,Ferguson,"[{'first_name': 'Troy', 'last_name': 'Ferguson', 'address1': '665 Miller Village Apt. 319', 'address2': '', 'country': 'US', 'city': 'Murrayburgh', 'state': 'CT', 'zipcode': '06126', 'default': True}]",42,M,electronics_outdoors_footwear,discount_indifferent,True
1017,user1017,caleb.villanueva@example.com,Caleb,Villanueva,"[{'first_name': 'Caleb', 'last_name': 'Villanueva', 'address1': '64914 Jason Forge Suite 520', 'address2': '', 'country': 'US', 'city': 'West Chloeburgh', 'state': 'IL', 'zipcode': '62758', 'default': True}]",25,M,apparel_footwear_accessories,lower_priced_products,True
1036,user1036,bradley.thornton@example.com,Bradley,Thornton,"[{'first_name': 'Bradley', 'last_name': 'Thornton', 'address1': '37622 Jessica Pines Apt. 525', 'address2': '', 'country': 'US', 'city': 'Flynnville', 'state': 'WY', 'zipcode': '82717', 'default': True}]",42,M,groceries_seasonal_tools,lower_priced_products,True
1039,user1039,jocelyn.fox@example.com,Jocelyn,Fox,"[{'first_name': 'Jocelyn', 'last_name': 'Fox', 'address1': '8696 Perez Gateway Suite 055', 'address2': '', 'country': 'US', 'city': 'Lake Kyle', 'state': 'HI', 'zipcode': '96894', 'default': True}]",20,F,beauty_accessories_instruments,lower_priced_products,True
1050,user1050,laura.barnes@example.com,Laura,Barnes,"[{'first_name': 'Laura', 'last_name': 'Barnes', 'address1': '382 Shaw Streets Suite 868', 'address2': '', 'country': 'US', 'city': 'Lake Samantha', 'state': 'MD', 'zipcode': '20331', 'default': True}]",18,F,books_apparel_homedecor,discount_indifferent,True
1056,user1056,cameron.rowe@example.com,Cameron,Rowe,"[{'first_name': 'Cameron', 'last_name': 'Rowe', 'address1': '687 Emily Crescent', 'address2': '', 'country': 'US', 'city': 'Lake Loganchester', 'state': 'AK', 'zipcode': '99720', 'default': True}]",30,M,accessories_groceries_books,all_discounts,True
1111,user1111,benjamin.fowler@example.com,Benjamin,Fowler,"[{'first_name': 'Benjamin', 'last_name': 'Fowler', 'address1': '4351 Catherine Cliffs Apt. 108', 'address2': '', 'country': 'US', 'city': 'Josebury', 'state': 'SD', 'zipcode': '57661', 'default': True}]",47,M,footwear_jewelry_furniture,lower_priced_products,True
1113,user1113,gina.griffith@example.com,Gina,Griffith,"[{'first_name': 'Gina', 'last_name': 'Griffith', 'address1': '266 Hanson Mountains Suite 527', 'address2': '', 'country': 'US', 'city': 'Matthewstown', 'state': 'IA', 'zipcode': '52287', 'default': True}]",26,F,tools_housewares_apparel,lower_priced_products,True
1134,user1134,steven.reynolds@example.com,Steven,Reynolds,"[{'first_name': 'Steven', 'last_name': 'Reynolds', 'address1': '677 Cook Row', 'address2': '', 'country': 'US', 'city': 'South Matthew', 'state': 'MO', 'zipcode': '63883', 'default': True}]",26,M,floral_beauty_jewelry,all_discounts,True
1149,user1149,donna.dunn@example.com,Donna,Dunn,"[{'first_name': 'Donna', 'last_name': 'Dunn', 'address1': '9250 Monica Way Apt. 364', 'address2': '', 'country': 'US', 'city': 'Harrismouth', 'state': 'CO', 'zipcode': '80473', 'default': True}]",49,F,apparel_footwear_accessories,all_discounts,True
1154,user1154,alexa.hansen@example.com,Alexa,Hansen,"[{'first_name': 'Alexa', 'last_name': 'Hansen', 'address1': '5616 Billy Drive', 'address2': '', 'country': 'US', 'city': 'Davidside', 'state': 'FL', 'zipcode': '32111', 'default': True}]",41,F,books_apparel_homedecor,lower_priced_products,True
1158,user1158,jesse.greene@example.com,Jesse,Greene,"[{'first_name': 'Jesse', 'last_name': 'Greene', 'address1': '8878 Sarah Expressway Apt. 779', 'address2': '', 'country': 'US', 'city': 'Rogersshire', 'state': 'WY', 'zipcode': '83109', 'default': True}]",51,M,footwear_jewelry_furniture,lower_priced_products,True
1163,user1163,kathleen.jimenez@example.com,Kathleen,Jimenez,"[{'first_name': 'Kathleen', 'last_name': 'Jimenez', 'address1': '610 Jones Street', 'address2': '', 'country': 'US', 'city': 'North Curtishaven', 'state': 'WV', 'zipcode': '26685', 'default': True}]",30,F,housewares_floral_seasonal,lower_priced_products,True
1169,user1169,james.vasquez@example.com,James,Vasquez,"[{'first_name': 'James', 'last_name': 'Vasquez', 'address1': '666 Angela Camp Apt. 243', 'address2': '', 'country': 'US', 'city': 'Susanport', 'state': 'LA', 'zipcode': '70690', 'default': True}]",18,M,groceries_seasonal_tools,lower_priced_products,True
1216,user1216,james.daniels@example.com,James,Daniels,"[{'first_name': 'James', 'last_name': 'Daniels', 'address1': '638 Hall Court', 'address2': '', 'country': 'US', 'city': 'West Sandramouth', 'state': 'KY', 'zipcode': '42695', 'default': True}]",26,M,apparel_footwear_accessories,lower_priced_products,True
1230,user1230,tammy.evans@example.com,Tammy,Evans,"[{'first_name': 'Tammy', 'last_name': 'Evans', 'address1': '74212 Williams Squares Suite 058', 'address2': '', 'country': 'US', 'city': 'Lake Katiebury', 'state': 'NJ', 'zipcode': '08895', 'default': True}]",32,F,electronics_outdoors_footwear,lower_priced_products,True
1238,user1238,alyssa.thomas@example.com,Alyssa,Thomas,"[{'first_name': 'Alyssa', 'last_name': 'Thomas', 'address1': '966 Farley Glens', 'address2': '', 'country': 'US', 'city': 'Paulport', 'state': 'MS', 'zipcode': '39150', 'default': True}]",34,F,groceries_seasonal_tools,all_discounts,True
1246,user1246,sherry.ramirez@example.com,Sherry,Ramirez,"[{'first_name': 'Sherry', 'last_name': 'Ramirez', 'address1': '714 Rosales Gateway', 'address2': '', 'country': 'US', 'city': 'Donnaton', 'state': 'FL', 'zipcode': '32506', 'default': True}]",39,F,footwear_jewelry_furniture,discount_indifferent,True
1251,user1251,yvonne.stewart@example.com,Yvonne,Stewart,"[{'first_name': 'Yvonne', 'last_name': 'Stewart', 'address1': '450 Laura Shoals', 'address2': '', 'country': 'US', 'city': 'West Amberport', 'state': 'OH', 'zipcode': '45552', 'default': True}]",46,F,seasonal_furniture_floral,discount_indifferent,True
1252,user1252,peter.russell@example.com,Peter,Russell,"[{'first_name': 'Peter', 'last_name': 'Russell', 'address1': '45338 Jared Plain', 'address2': '', 'country': 'US', 'city': 'New Williamfurt', 'state': 'TN', 'zipcode': '37438', 'default': True}]",34,M,footwear_jewelry_furniture,lower_priced_products,True
1275,user1275,nathaniel.merritt@example.com,Nathaniel,Merritt,"[{'first_name': 'Nathaniel', 'last_name': 'Merritt', 'address1': '8263 Olivia Gateway', 'address2': '', 'country': 'US', 'city': 'Alexandrachester', 'state': 'WY', 'zipcode': '82290', 'default': True}]",34,M,accessories_groceries_books,lower_priced_products,True
1289,user1289,grant.kramer@example.com,Grant,Kramer,"[{'first_name': 'Grant', 'last_name': 'Kramer', 'address1': '55075 Berry Plain', 'address2': '', 'country': 'US', 'city': 'Mendozamouth', 'state': 'OK', 'zipcode': '73108', 'default': True}]",19,M,groceries_seasonal_tools,lower_priced_products,True
1341,user1341,james.parker@example.com,James,Parker,"[{'first_name': 'James', 'last_name': 'Parker', 'address1': '4481 Michael Stream', 'address2': '', 'country': 'US', 'city': 'Briggsfort', 'state': 'TX', 'zipcode': '73301', 'default': True}]",27,M,groceries_seasonal_tools,discount_indifferent,True
1373,user1373,kristin.diaz@example.com,Kristin,Diaz,"[{'first_name': 'Kristin', 'last_name': 'Diaz', 'address1': '648 Brett Via', 'address2': '', 'country': 'US', 'city': 'Williamfort', 'state': 'OK', 'zipcode': '73036', 'default': True}]",49,F,groceries_seasonal_tools,discount_indifferent,True
1397,user1397,brian.jones@example.com,Brian,Jones,"[{'first_name': 'Brian', 'last_name': 'Jones', 'address1': '71193 Michelle Burg Suite 165', 'address2': '', 'country': 'US', 'city': 'Lake Danieltown', 'state': 'NE', 'zipcode': '68103', 'default': True}]",33,M,books_apparel_homedecor,lower_priced_products,True
1403,user1403,deborah.smith@example.com,Deborah,Smith,"[{'first_name': 'Deborah', 'last_name': 'Smith', 'address1': '75200 Jackson Island', 'address2': '', 'country': 'US', 'city': 'Christophershire', 'state': 'NH', 'zipcode': '03038', 'default': True}]",19,F,footwear_jewelry_furniture,all_discounts,True
1419,user1419,kirk.robinson@example.com,Kirk,Robinson,"[{'first_name': 'Kirk', 'last_name': 'Robinson', 'address1': '29184 Ashley Center Suite 558', 'address2': '', 'country': 'US', 'city': 'East Michelle', 'state': 'DC', 'zipcode': '20013', 'default': True}]",33,M,seasonal_furniture_floral,discount_indifferent,True
1432,user1432,carolyn.olson@example.com,Carolyn,Olson,"[{'first_name': 'Carolyn', 'last_name': 'Olson', 'address1': '11704 Jennifer Mews', 'address2': '', 'country': 'US', 'city': 'Victoriaview', 'state': 'GA', 'zipcode': '30975', 'default': True}]",35,F,groceries_seasonal_tools,lower_priced_products,True
1437,user1437,samuel.stewart@example.com,Samuel,Stewart,"[{'first_name': 'Samuel', 'last_name': 'Stewart', 'address1': '464 Tyler Mountains Suite 361', 'address2': '', 'country': 'US', 'city': 'Terriborough', 'state': 'CO', 'zipcode': '81532', 'default': True}]",29,M,homedecor_electronics_outdoors,all_discounts,True
1488,user1488,troy.martinez@example.com,Troy,Martinez,"[{'first_name': 'Troy', 'last_name': 'Martinez', 'address1': '441 Herman Landing', 'address2': '', 'country': 'US', 'city': 'New Jessicaport', 'state': 'SC', 'zipcode': '29696', 'default': True}]",42,M,housewares_floral_seasonal,lower_priced_products,True
1494,user1494,hannah.gonzalez@example.com,Hannah,Gonzalez,"[{'first_name': 'Hannah', 'last_name': 'Gonzalez', 'address1': '7445 Michele Divide Apt. 078', 'address2': '', 'country': 'US', 'city': 'North Sergio', 'state': 'SD', 'zipcode': '57715', 'default': True}]",21,F,accessories_groceries_books,discount_indifferent,True
1499,user1499,roy.holmes@example.com,Roy,Holmes,"[{'first_name': 'Roy', 'last_name': 'Holmes', 'address1': '113 Wallace Haven', 'address2': '', 'country': 'US', 'city': 'Leefurt', 'state': 'ID', 'zipcode': '83621', 'default': True}]",31,M,seasonal_furniture_floral,lower_priced_products,True
1504,user1504,erin.vasquez@example.com,Erin,Vasquez,"[{'first_name': 'Erin', 'last_name': 'Vasquez', 'address1': '6719 Erik Light Apt. 026', 'address2': '', 'country': 'US', 'city': 'Fisherport', 'state': 'WA', 'zipcode': '98419', 'default': True}]",30,F,floral_beauty_jewelry,discount_indifferent,True
1531,user1531,jennifer.quinn@example.com,Jennifer,Quinn,"[{'first_name': 'Jennifer', 'last_name': 'Quinn', 'address1': '919 Bradley Summit Apt. 347', 'address2': '', 'country': 'US', 'city': 'East Michael', 'state': 'DC', 'zipcode': '20020', 'default': True}]",29,F,accessories_groceries_books,all_discounts,True
1552,user1552,james.chen@example.com,James,Chen,"[{'first_name': 'James', 'last_name': 'Chen', 'address1': '65312 Anita Motorway', 'address2': '', 'country': 'US', 'city': 'Port Ashley', 'state': 'VA', 'zipcode': '20040', 'default': True}]",38,M,tools_housewares_apparel,lower_priced_products,True
1578,user1578,erika.clark@example.com,Erika,Clark,"[{'first_name': 'Erika', 'last_name': 'Clark', 'address1': '3739 Nicholas Rest Apt. 959', 'address2': '', 'country': 'US', 'city': 'Debraville', 'state': 'SC', 'zipcode': '29484', 'default': True}]",40,F,tools_housewares_apparel,lower_priced_products,True
1620,user1620,ellen.jordan@example.com,Ellen,Jordan,"[{'first_name': 'Ellen', 'last_name': 'Jordan', 'address1': '9501 Taylor Harbors', 'address2': '', 'country': 'US', 'city': 'Jessicaville', 'state': 'NJ', 'zipcode': '07481', 'default': True}]",43,F,seasonal_furniture_floral,all_discounts,True
1632,user1632,bradley.washington@example.com,Bradley,Washington,"[{'first_name': 'Bradley', 'last_name': 'Washington', 'address1': '8724 Figueroa Glens Suite 067', 'address2': '', 'country': 'US', 'city': 'Jonesside', 'state': 'GA', 'zipcode': '30237', 'default': True}]",30,M,footwear_jewelry_furniture,all_discounts,True
1672,user1672,willie.vaughn@example.com,Willie,Vaughn,"[{'first_name': 'Willie', 'last_name': 'Vaughn', 'address1': '160 Christian Valley', 'address2': '', 'country': 'US', 'city': 'Port Michaelfort', 'state': 'FL', 'zipcode': '33593', 'default': True}]",51,M,groceries_seasonal_tools,all_discounts,True
1686,user1686,christopher.ramirez@example.com,Christopher,Ramirez,"[{'first_name': 'Christopher', 'last_name': 'Ramirez', 'address1': '868 Rebecca Point', 'address2': '', 'country': 'US', 'city': 'Tanyachester', 'state': 'DC', 'zipcode': '20035', 'default': True}]",50,M,furniture_homedecor_housewares,lower_priced_products,True
1701,user1701,laura.hill@example.com,Laura,Hill,"[{'first_name': 'Laura', 'last_name': 'Hill', 'address1': '7177 Keith Vista Apt. 035', 'address2': '', 'country': 'US', 'city': 'West Anne', 'state': 'DC', 'zipcode': '20018', 'default': True}]",60,F,accessories_groceries_books,lower_priced_products,True
1781,user1781,jessica.edwards@example.com,Jessica,Edwards,"[{'first_name': 'Jessica', 'last_name': 'Edwards', 'address1': '65439 Andrew Cliffs Apt. 688', 'address2': '', 'country': 'US', 'city': 'New Rebecca', 'state': 'NV', 'zipcode': '89152', 'default': True}]",19,F,accessories_groceries_books,lower_priced_products,True
1796,user1796,sandra.boyle@example.com,Sandra,Boyle,"[{'first_name': 'Sandra', 'last_name': 'Boyle', 'address1': '035 Christopher Pine Suite 492', 'address2': '', 'country': 'US', 'city': 'West Davidfort', 'state': 'MA', 'zipcode': '01872', 'default': True}]",21,F,groceries_seasonal_tools,lower_priced_products,True
1818,user1818,leah.york@example.com,Leah,York,"[{'first_name': 'Leah', 'last_name': 'York', 'address1': '0024 Shelley Islands', 'address2': '', 'country': 'US', 'city': 'Jamesport', 'state': 'MS', 'zipcode': '38651', 'default': True}]",45,F,apparel_footwear_accessories,lower_priced_products,True
1822,user1822,kevin.warren@example.com,Kevin,Warren,"[{'first_name': 'Kevin', 'last_name': 'Warren', 'address1': '17456 Thomas Lakes', 'address2': '', 'country': 'US', 'city': 'North Austin', 'state': 'AR', 'zipcode': '71907', 'default': True}]",23,M,books_apparel_homedecor,all_discounts,True
1828,user1828,thomas.wade@example.com,Thomas,Wade,"[{'first_name': 'Thomas', 'last_name': 'Wade', 'address1': '9583 Travis Fork', 'address2': '', 'country': 'US', 'city': 'Port Kenneth', 'state': 'WV', 'zipcode': '26720', 'default': True}]",61,M,beauty_accessories_instruments,lower_priced_products,True
1834,user1834,hayley.sheppard@example.com,Hayley,Sheppard,"[{'first_name': 'Hayley', 'last_name': 'Sheppard', 'address1': '48077 Walter Ridges', 'address2': '', 'country': 'US', 'city': 'Baileybury', 'state': 'MT', 'zipcode': '59228', 'default': True}]",44,F,outdoors_instruments_groceries,all_discounts,True
1856,user1856,christine.sanchez@example.com,Christine,Sanchez,"[{'first_name': 'Christine', 'last_name': 'Sanchez', 'address1': '5723 Marissa Extensions Suite 675', 'address2': '', 'country': 'US', 'city': 'Lake Tanyamouth', 'state': 'UT', 'zipcode': '84577', 'default': True}]",27,F,homedecor_electronics_outdoors,all_discounts,True
1879,user1879,travis.martin@example.com,Travis,Martin,"[{'first_name': 'Travis', 'last_name': 'Martin', 'address1': '8108 Melissa Burgs', 'address2': '', 'country': 'US', 'city': 'Tiffanystad', 'state': 'WV', 'zipcode': '26700', 'default': True}]",28,M,outdoors_instruments_groceries,discount_indifferent,True
1905,user1905,willie.stewart@example.com,Willie,Stewart,"[{'first_name': 'Willie', 'last_name': 'Stewart', 'address1': '366 Adam Shoals Suite 800', 'address2': '', 'country': 'US', 'city': 'Ramirezport', 'state': 'ND', 'zipcode': '58785', 'default': True}]",44,M,furniture_homedecor_housewares,all_discounts,True
1940,user1940,pamela.contreras@example.com,Pamela,Contreras,"[{'first_name': 'Pamela', 'last_name': 'Contreras', 'address1': '7505 Alvarez Crest', 'address2': '', 'country': 'US', 'city': 'West Thomas', 'state': 'OR', 'zipcode': '97871', 'default': True}]",21,F,footwear_jewelry_furniture,lower_priced_products,True
1955,user1955,stacey.molina@example.com,Stacey,Molina,"[{'first_name': 'Stacey', 'last_name': 'Molina', 'address1': '85277 Briggs Bridge Apt. 976', 'address2': '', 'country': 'US', 'city': 'South Julieland', 'state': 'PA', 'zipcode': '18057', 'default': True}]",76,F,footwear_jewelry_furniture,lower_priced_products,True
1958,user1958,karla.christensen@example.com,Karla,Christensen,"[{'first_name': 'Karla', 'last_name': 'Christensen', 'address1': '575 Zachary Via Apt. 991', 'address2': '', 'country': 'US', 'city': 'Michelleville', 'state': 'WY', 'zipcode': '82045', 'default': True}]",32,F,books_apparel_homedecor,lower_priced_products,True
1974,user1974,alfred.alexander@example.com,Alfred,Alexander,"[{'first_name': 'Alfred', 'last_name': 'Alexander', 'address1': '55092 Patricia Alley Suite 451', 'address2': '', 'country': 'US', 'city': 'North Christyborough', 'state': 'SC', 'zipcode': '29554', 'default': True}]",35,M,groceries_seasonal_tools,lower_priced_products,True
1995,user1995,brandon.boyer@example.com,Brandon,Boyer,"[{'first_name': 'Brandon', 'last_name': 'Boyer', 'address1': '168 Velasquez Greens Apt. 922', 'address2': '', 'country': 'US', 'city': 'Rosarioville', 'state': 'MO', 'zipcode': '64605', 'default': True}]",44,M,seasonal_furniture_floral,lower_priced_products,True
2034,user2034,william.rice@example.com,William,Rice,"[{'first_name': 'William', 'last_name': 'Rice', 'address1': '27388 Pena Way Suite 741', 'address2': '', 'country': 'US', 'city': 'New Scottfort', 'state': 'MS', 'zipcode': '39622', 'default': True}]",61,M,electronics_outdoors_footwear,all_discounts,True
2038,user2038,peter.obrien@example.com,Peter,Obrien,"[{'first_name': 'Peter', 'last_name': 'Obrien', 'address1': '00781 Diaz Crossing Apt. 870', 'address2': '', 'country': 'US', 'city': 'West Jessicachester', 'state': 'VT', 'zipcode': '05272', 'default': True}]",24,M,electronics_outdoors_footwear,discount_indifferent,True
2044,user2044,kendra.gibson@example.com,Kendra,Gibson,"[{'first_name': 'Kendra', 'last_name': 'Gibson', 'address1': '233 Rita Valley Apt. 153', 'address2': '', 'country': 'US', 'city': 'North Anthony', 'state': 'MS', 'zipcode': '38814', 'default': True}]",22,F,floral_beauty_jewelry,discount_indifferent,True
2102,user2102,christina.bradshaw@example.com,Christina,Bradshaw,"[{'first_name': 'Christina', 'last_name': 'Bradshaw', 'address1': '90950 Fernandez Turnpike', 'address2': '', 'country': 'US', 'city': 'Lisaton', 'state': 'GA', 'zipcode': '31393', 'default': True}]",36,F,furniture_homedecor_housewares,lower_priced_products,True
2105,user2105,donald.henson@example.com,Donald,Henson,"[{'first_name': 'Donald', 'last_name': 'Henson', 'address1': '13122 Foster Loop', 'address2': '', 'country': 'US', 'city': 'Jessicahaven', 'state': 'CA', 'zipcode': '95644', 'default': True}]",46,M,beauty_accessories_instruments,lower_priced_products,True
2131,user2131,joyce.ware@example.com,Joyce,Ware,"[{'first_name': 'Joyce', 'last_name': 'Ware', 'address1': '0133 Morgan Parkway', 'address2': '', 'country': 'US', 'city': 'West Tricia', 'state': 'KS', 'zipcode': '67431', 'default': True}]",24,F,tools_housewares_apparel,all_discounts,True
2145,user2145,matthew.hudson@example.com,Matthew,Hudson,"[{'first_name': 'Matthew', 'last_name': 'Hudson', 'address1': '62183 Vanessa Valley', 'address2': '', 'country': 'US', 'city': 'East Charleschester', 'state': 'NV', 'zipcode': '89296', 'default': True}]",34,M,books_apparel_homedecor,discount_indifferent,True
2146,user2146,brandon.lopez@example.com,Brandon,Lopez,"[{'first_name': 'Brandon', 'last_name': 'Lopez', 'address1': '405 Melanie Ports', 'address2': '', 'country': 'US', 'city': 'Kiaraborough', 'state': 'MA', 'zipcode': '01243', 'default': True}]",47,M,accessories_groceries_books,all_discounts,True
2240,user2240,leslie.love@example.com,Leslie,Love,"[{'first_name': 'Leslie', 'last_name': 'Love', 'address1': '33283 Justin Avenue', 'address2': '', 'country': 'US', 'city': 'Harrisview', 'state': 'MA', 'zipcode': '01154', 'default': True}]",27,F,books_apparel_homedecor,all_discounts,True
2269,user2269,angela.cabrera@example.com,Angela,Cabrera,"[{'first_name': 'Angela', 'last_name': 'Cabrera', 'address1': '1579 Mary Shoal', 'address2': '', 'country': 'US', 'city': 'South Jessicaville', 'state': 'CO', 'zipcode': '80048', 'default': True}]",27,F,books_apparel_homedecor,discount_indifferent,True
2285,user2285,nicholas.turner@example.com,Nicholas,Turner,"[{'first_name': 'Nicholas', 'last_name': 'Turner', 'address1': '81372 Benson Parks', 'address2': '', 'country': 'US', 'city': 'New Donaldville', 'state': 'GA', 'zipcode': '31041', 'default': True}]",23,M,outdoors_instruments_groceries,all_discounts,True
2300,user2300,andrew.garza@example.com,Andrew,Garza,"[{'first_name': 'Andrew', 'last_name': 'Garza', 'address1': '62623 Ramos Wall Suite 655', 'address2': '', 'country': 'US', 'city': 'Sheilaburgh', 'state': 'MT', 'zipcode': '59854', 'default': True}]",30,M,footwear_jewelry_furniture,all_discounts,True
2312,user2312,fred.perry@example.com,Fred,Perry,"[{'first_name': 'Fred', 'last_name': 'Perry', 'address1': '85630 Jesse Knolls', 'address2': '', 'country': 'US', 'city': 'West Ninafurt', 'state': 'NV', 'zipcode': '89512', 'default': True}]",50,M,instruments_books_electronics,all_discounts,True
2319,user2319,paul.miller@example.com,Paul,Miller,"[{'first_name': 'Paul', 'last_name': 'Miller', 'address1': '26943 Jake Estates', 'address2': '', 'country': 'US', 'city': 'Prestonview', 'state': 'AR', 'zipcode': '72387', 'default': True}]",32,M,apparel_footwear_accessories,all_discounts,True
2320,user2320,ryan.holloway@example.com,Ryan,Holloway,"[{'first_name': 'Ryan', 'last_name': 'Holloway', 'address1': '82382 Patricia Burg', 'address2': '', 'country': 'US', 'city': 'Ponceberg', 'state': 'UT', 'zipcode': '84229', 'default': True}]",32,M,footwear_jewelry_furniture,all_discounts,True
2321,user2321,lisa.campbell@example.com,Lisa,Campbell,"[{'first_name': 'Lisa', 'last_name': 'Campbell', 'address1': '3269 Ramos Unions', 'address2': '', 'country': 'US', 'city': 'Moralesshire', 'state': 'NH', 'zipcode': '03733', 'default': True}]",53,F,footwear_jewelry_furniture,all_discounts,True
2322,user2322,melissa.green@example.com,Melissa,Green,"[{'first_name': 'Melissa', 'last_name': 'Green', 'address1': '76223 Ray Loop', 'address2': '', 'country': 'US', 'city': 'North April', 'state': 'TN', 'zipcode': '37622', 'default': True}]",42,F,apparel_footwear_accessories,discount_indifferent,True
2344,user2344,david.brown@example.com,David,Brown,"[{'first_name': 'David', 'last_name': 'Brown', 'address1': '61636 John Courts Apt. 922', 'address2': '', 'country': 'US', 'city': 'Lake Patriciaville', 'state': 'VA', 'zipcode': '20040', 'default': True}]",30,M,homedecor_electronics_outdoors,all_discounts,True
2347,user2347,michael.mays@example.com,Michael,Mays,"[{'first_name': 'Michael', 'last_name': 'Mays', 'address1': '3560 John Parks Suite 467', 'address2': '', 'country': 'US', 'city': 'Vanessaport', 'state': 'KS', 'zipcode': '66306', 'default': True}]",41,M,homedecor_electronics_outdoors,all_discounts,True
2362,user2362,stephen.yu@example.com,Stephen,Yu,"[{'first_name': 'Stephen', 'last_name': 'Yu', 'address1': '5558 Travis Fords', 'address2': '', 'country': 'US', 'city': 'East Sheila', 'state': 'CO', 'zipcode': '81629', 'default': True}]",32,M,housewares_tools_beauty,discount_indifferent,True
2380,user2380,kelly.johnson@example.com,Kelly,Johnson,"[{'first_name': 'Kelly', 'last_name': 'Johnson', 'address1': '9604 Scott Trafficway Apt. 924', 'address2': '', 'country': 'US', 'city': 'Obrienport', 'state': 'MA', 'zipcode': '02211', 'default': True}]",46,F,furniture_homedecor_housewares,discount_indifferent,True
2402,user2402,joshua.lopez@example.com,Joshua,Lopez,"[{'first_name': 'Joshua', 'last_name': 'Lopez', 'address1': '087 Daniel Circle', 'address2': '', 'country': 'US', 'city': 'Lake Jamesborough', 'state': 'WA', 'zipcode': '99359', 'default': True}]",21,M,beauty_accessories_instruments,all_discounts,True
2421,user2421,brandon.jordan@example.com,Brandon,Jordan,"[{'first_name': 'Brandon', 'last_name': 'Jordan', 'address1': '334 Kristin Station', 'address2': '', 'country': 'US', 'city': 'South Bonnie', 'state': 'SD', 'zipcode': '57694', 'default': True}]",24,M,homedecor_electronics_outdoors,all_discounts,True
2438,user2438,pamela.buchanan@example.com,Pamela,Buchanan,"[{'first_name': 'Pamela', 'last_name': 'Buchanan', 'address1': '68083 Lawrence Prairie', 'address2': '', 'country': 'US', 'city': 'Brianton', 'state': 'WA', 'zipcode': '98978', 'default': True}]",30,F,groceries_seasonal_tools,discount_indifferent,True
2439,user2439,crystal.solomon@example.com,Crystal,Solomon,"[{'first_name': 'Crystal', 'last_name': 'Solomon', 'address1': '51567 Skinner Knoll Apt. 960', 'address2': '', 'country': 'US', 'city': 'Lake Monicamouth', 'state': 'AL', 'zipcode': '35045', 'default': True}]",36,F,electronics_outdoors_footwear,discount_indifferent,True
2447,user2447,david.white@example.com,David,White,"[{'first_name': 'David', 'last_name': 'White', 'address1': '5689 Roach Parkways Suite 847', 'address2': '', 'country': 'US', 'city': 'Jessicastad', 'state': 'ND', 'zipcode': '58342', 'default': True}]",27,M,housewares_tools_beauty,all_discounts,True
2464,user2464,derrick.lara@example.com,Derrick,Lara,"[{'first_name': 'Derrick', 'last_name': 'Lara', 'address1': '4941 Vanessa Parkways Suite 165', 'address2': '', 'country': 'US', 'city': 'Smithview', 'state': 'CT', 'zipcode': '06035', 'default': True}]",37,M,apparel_footwear_accessories,all_discounts,True
2505,user2505,jessica.acevedo@example.com,Jessica,Acevedo,"[{'first_name': 'Jessica', 'last_name': 'Acevedo', 'address1': '17935 Hernandez Courts', 'address2': '', 'country': 'US', 'city': 'Pattonville', 'state': 'NY', 'zipcode': '13839', 'default': True}]",25,F,seasonal_furniture_floral,lower_priced_products,True
2506,user2506,samuel.mason@example.com,Samuel,Mason,"[{'first_name': 'Samuel', 'last_name': 'Mason', 'address1': '3793 Olson Islands Suite 783', 'address2': '', 'country': 'US', 'city': 'Haneytown', 'state': 'IA', 'zipcode': '50601', 'default': True}]",22,M,instruments_books_electronics,discount_indifferent,True
2508,user2508,bryan.owen@example.com,Bryan,Owen,"[{'first_name': 'Bryan', 'last_name': 'Owen', 'address1': '36630 Knight Inlet Apt. 796', 'address2': '', 'country': 'US', 'city': 'Joycechester', 'state': 'MS', 'zipcode': '38836', 'default': True}]",33,M,beauty_accessories_instruments,lower_priced_products,True
2542,user2542,madison.harris@example.com,Madison,Harris,"[{'first_name': 'Madison', 'last_name': 'Harris', 'address1': '924 Robert Flats Suite 097', 'address2': '', 'country': 'US', 'city': 'Arthurberg', 'state': 'MS', 'zipcode': '39761', 'default': True}]",45,F,instruments_books_electronics,all_discounts,True
2591,user2591,dawn.harris@example.com,Dawn,Harris,"[{'first_name': 'Dawn', 'last_name': 'Harris', 'address1': '0990 Rachel Manors', 'address2': '', 'country': 'US', 'city': 'Dominiqueberg', 'state': 'PA', 'zipcode': '15528', 'default': True}]",47,F,accessories_groceries_books,discount_indifferent,True
2596,user2596,theresa.white@example.com,Theresa,White,"[{'first_name': 'Theresa', 'last_name': 'White', 'address1': '7543 Stephanie Cape', 'address2': '', 'country': 'US', 'city': 'South Matthewside', 'state': 'NM', 'zipcode': '87197', 'default': True}]",45,F,instruments_books_electronics,discount_indifferent,True
2598,user2598,andrew.phillips@example.com,Andrew,Phillips,"[{'first_name': 'Andrew', 'last_name': 'Phillips', 'address1': '974 Michael Manors', 'address2': '', 'country': 'US', 'city': 'Amberview', 'state': 'VT', 'zipcode': '05391', 'default': True}]",35,M,seasonal_furniture_floral,discount_indifferent,True
2640,user2640,sierra.glover@example.com,Sierra,Glover,"[{'first_name': 'Sierra', 'last_name': 'Glover', 'address1': '019 Allen Ramp Suite 805', 'address2': '', 'country': 'US', 'city': 'Whiteheadfurt', 'state': 'LA', 'zipcode': '71109', 'default': True}]",42,F,groceries_seasonal_tools,lower_priced_products,True
2642,user2642,joy.cain@example.com,Joy,Cain,"[{'first_name': 'Joy', 'last_name': 'Cain', 'address1': '8841 Lawson Forest Suite 767', 'address2': '', 'country': 'US', 'city': 'Thomasfurt', 'state': 'NC', 'zipcode': '28014', 'default': True}]",22,F,footwear_jewelry_furniture,discount_indifferent,True
2657,user2657,gina.hill@example.com,Gina,Hill,"[{'first_name': 'Gina', 'last_name': 'Hill', 'address1': '0967 Jason Field', 'address2': '', 'country': 'US', 'city': 'East Bethburgh', 'state': 'AR', 'zipcode': '72929', 'default': True}]",47,F,footwear_jewelry_furniture,all_discounts,True
2662,user2662,jacob.douglas@example.com,Jacob,Douglas,"[{'first_name': 'Jacob', 'last_name': 'Douglas', 'address1': '209 Gonzales Brook Suite 647', 'address2': '', 'country': 'US', 'city': 'Lake Albert', 'state': 'MI', 'zipcode': '49756', 'default': True}]",51,M,apparel_footwear_accessories,lower_priced_products,True
2668,user2668,kent.maddox@example.com,Kent,Maddox,"[{'first_name': 'Kent', 'last_name': 'Maddox', 'address1': '8663 Samantha Port', 'address2': '', 'country': 'US', 'city': 'North Jameschester', 'state': 'UT', 'zipcode': '84610', 'default': True}]",40,M,tools_housewares_apparel,lower_priced_products,True
2681,user2681,john.thompson@example.com,John,Thompson,"[{'first_name': 'John', 'last_name': 'Thompson', 'address1': '8138 Whitney Centers', 'address2': '', 'country': 'US', 'city': 'Catherinechester', 'state': 'MD', 'zipcode': '20331', 'default': True}]",28,M,beauty_accessories_instruments,lower_priced_products,True
2684,user2684,katie.cox@example.com,Katie,Cox,"[{'first_name': 'Katie', 'last_name': 'Cox', 'address1': '419 Fowler Junction', 'address2': '', 'country': 'US', 'city': 'Johnland', 'state': 'SD', 'zipcode': '57662', 'default': True}]",31,F,footwear_jewelry_furniture,all_discounts,True
2688,user2688,jacob.osborne@example.com,Jacob,Osborne,"[{'first_name': 'Jacob', 'last_name': 'Osborne', 'address1': '22612 James Roads Suite 410', 'address2': '', 'country': 'US', 'city': 'Kingmouth', 'state': 'TN', 'zipcode': '38449', 'default': True}]",32,M,groceries_seasonal_tools,lower_priced_products,True
2727,user2727,jeffrey.cummings@example.com,Jeffrey,Cummings,"[{'first_name': 'Jeffrey', 'last_name': 'Cummings', 'address1': '3746 Lori Vista Apt. 480', 'address2': '', 'country': 'US', 'city': 'Mcdonaldville', 'state': 'OH', 'zipcode': '44420', 'default': True}]",20,M,furniture_homedecor_housewares,lower_priced_products,True
2749,user2749,robert.nguyen@example.com,Robert,Nguyen,"[{'first_name': 'Robert', 'last_name': 'Nguyen', 'address1': '21966 Fowler Camp', 'address2': '', 'country': 'US', 'city': 'Gonzalesbury', 'state': 'GA', 'zipcode': '30122', 'default': True}]",47,M,homedecor_electronics_outdoors,lower_priced_products,True
2754,user2754,jacob.garrett@example.com,Jacob,Garrett,"[{'first_name': 'Jacob', 'last_name': 'Garrett', 'address1': '9539 Church Circles', 'address2': '', 'country': 'US', 'city': 'Margaretville', 'state': 'VA', 'zipcode': '20041', 'default': True}]",30,M,electronics_outdoors_footwear,all_discounts,True
2759,user2759,margaret.smith@example.com,Margaret,Smith,"[{'first_name': 'Margaret', 'last_name': 'Smith', 'address1': '0950 Rangel Terrace', 'address2': '', 'country': 'US', 'city': 'Bellview', 'state': 'ME', 'zipcode': '04356', 'default': True}]",42,F,accessories_groceries_books,all_discounts,True
2775,user2775,julie.graves@example.com,Julie,Graves,"[{'first_name': 'Julie', 'last_name': 'Graves', 'address1': '2460 Wayne Causeway Apt. 180', 'address2': '', 'country': 'US', 'city': 'Tracyborough', 'state': 'DE', 'zipcode': '19960', 'default': True}]",36,F,footwear_jewelry_furniture,discount_indifferent,True
2797,user2797,christopher.jones@example.com,Christopher,Jones,"[{'first_name': 'Christopher', 'last_name': 'Jones', 'address1': '086 Jennifer Point', 'address2': '', 'country': 'US', 'city': 'Bryantside', 'state': 'MI', 'zipcode': '49191', 'default': True}]",21,M,seasonal_furniture_floral,discount_indifferent,True
2804,user2804,megan.padilla@example.com,Megan,Padilla,"[{'first_name': 'Megan', 'last_name': 'Padilla', 'address1': '041 Olivia Inlet', 'address2': '', 'country': 'US', 'city': 'North John', 'state': 'AL', 'zipcode': '36428', 'default': True}]",59,F,outdoors_instruments_groceries,all_discounts,True
2814,user2814,diana.perry@example.com,Diana,Perry,"[{'first_name': 'Diana', 'last_name': 'Perry', 'address1': '60973 Robert Passage Suite 132', 'address2': '', 'country': 'US', 'city': 'East Josephmouth', 'state': 'VA', 'zipcode': '20040', 'default': True}]",24,F,tools_housewares_apparel,lower_priced_products,True
2819,user2819,crystal.williams@example.com,Crystal,Williams,"[{'first_name': 'Crystal', 'last_name': 'Williams', 'address1': '722 Noah Mount', 'address2': '', 'country': 'US', 'city': 'Hollandmouth', 'state': 'ID', 'zipcode': '83775', 'default': True}]",18,F,footwear_jewelry_furniture,discount_indifferent,True
2839,user2839,nancy.schaefer@example.com,Nancy,Schaefer,"[{'first_name': 'Nancy', 'last_name': 'Schaefer', 'address1': '1538 Small Trail', 'address2': '', 'country': 'US', 'city': 'Alisonbury', 'state': 'IN', 'zipcode': '47502', 'default': True}]",44,F,furniture_homedecor_housewares,all_discounts,True
2879,user2879,michael.garcia@example.com,Michael,Garcia,"[{'first_name': 'Michael', 'last_name': 'Garcia', 'address1': '712 Cole Mill Suite 463', 'address2': '', 'country': 'US', 'city': 'North Oscar', 'state': 'NY', 'zipcode': '10195', 'default': True}]",38,M,tools_housewares_apparel,discount_indifferent,True
2880,user2880,kristin.myers@example.com,Kristin,Myers,"[{'first_name': 'Kristin', 'last_name': 'Myers', 'address1': '8859 Joseph Ford Suite 133', 'address2': '', 'country': 'US', 'city': 'Rileyburgh', 'state': 'AK', 'zipcode': '99588', 'default': True}]",25,F,seasonal_furniture_floral,lower_priced_products,True
2899,user2899,todd.nelson@example.com,Todd,Nelson,"[{'first_name': 'Todd', 'last_name': 'Nelson', 'address1': '5495 Gonzalez Crossing Apt. 250', 'address2': '', 'country': 'US', 'city': 'South Sharonbury', 'state': 'UT', 'zipcode': '84085', 'default': True}]",32,M,furniture_homedecor_housewares,lower_priced_products,True
2982,user2982,russell.cortez@example.com,Russell,Cortez,"[{'first_name': 'Russell', 'last_name': 'Cortez', 'address1': '3814 John Garden', 'address2': '', 'country': 'US', 'city': 'Michelletown', 'state': 'WI', 'zipcode': '54950', 'default': True}]",26,M,instruments_books_electronics,lower_priced_products,True
2991,user2991,ellen.brown@example.com,Ellen,Brown,"[{'first_name': 'Ellen', 'last_name': 'Brown', 'address1': '986 Robert Rapid', 'address2': '', 'country': 'US', 'city': 'Lake Cynthia', 'state': 'MD', 'zipcode': '20331', 'default': True}]",25,F,furniture_homedecor_housewares,discount_indifferent,True
2994,user2994,brittany.james@example.com,Brittany,James,"[{'first_name': 'Brittany', 'last_name': 'James', 'address1': '750 Debbie Knoll Apt. 790', 'address2': '', 'country': 'US', 'city': 'North Kim', 'state': 'FL', 'zipcode': '32228', 'default': True}]",32,F,seasonal_furniture_floral,lower_priced_products,True
2996,user2996,sara.henderson@example.com,Sara,Henderson,"[{'first_name': 'Sara', 'last_name': 'Henderson', 'address1': '5677 Craig Brook Suite 676', 'address2': '', 'country': 'US', 'city': 'West Paul', 'state': 'TX', 'zipcode': '73301', 'default': True}]",50,F,outdoors_instruments_groceries,lower_priced_products,True
3029,user3029,laura.donovan@example.com,Laura,Donovan,"[{'first_name': 'Laura', 'last_name': 'Donovan', 'address1': '58112 Derek Lane', 'address2': '', 'country': 'US', 'city': 'Port Joseph', 'state': 'MO', 'zipcode': '65558', 'default': True}]",41,F,seasonal_furniture_floral,lower_priced_products,True
3036,user3036,james.knight@example.com,James,Knight,"[{'first_name': 'James', 'last_name': 'Knight', 'address1': '810 Phillips Coves Suite 447', 'address2': '', 'country': 'US', 'city': 'New Sheila', 'state': 'CO', 'zipcode': '80390', 'default': True}]",28,M,instruments_books_electronics,discount_indifferent,True
3086,user3086,julia.davis@example.com,Julia,Davis,"[{'first_name': 'Julia', 'last_name': 'Davis', 'address1': '3803 Jennifer Inlet Suite 946', 'address2': '', 'country': 'US', 'city': 'North Kellyport', 'state': 'AZ', 'zipcode': '85603', 'default': True}]",41,F,seasonal_furniture_floral,lower_priced_products,True
3099,user3099,lawrence.stewart@example.com,Lawrence,Stewart,"[{'first_name': 'Lawrence', 'last_name': 'Stewart', 'address1': '7012 Hampton Motorway', 'address2': '', 'country': 'US', 'city': 'Simpsonville', 'state': 'AZ', 'zipcode': '85667', 'default': True}]",18,M,footwear_jewelry_furniture,lower_priced_products,True
3103,user3103,jimmy.robertson@example.com,Jimmy,Robertson,"[{'first_name': 'Jimmy', 'last_name': 'Robertson', 'address1': '4836 Tyler Bypass Apt. 866', 'address2': '', 'country': 'US', 'city': 'West Megan', 'state': 'WV', 'zipcode': '25864', 'default': True}]",54,M,furniture_homedecor_housewares,lower_priced_products,True
3115,user3115,matthew.scott@example.com,Matthew,Scott,"[{'first_name': 'Matthew', 'last_name': 'Scott', 'address1': '21795 Lawson Valley', 'address2': '', 'country': 'US', 'city': 'Grahamton', 'state': 'NJ', 'zipcode': '07874', 'default': True}]",25,M,apparel_footwear_accessories,discount_indifferent,True
3119,user3119,luis.larsen@example.com,Luis,Larsen,"[{'first_name': 'Luis', 'last_name': 'Larsen', 'address1': '6616 William Isle', 'address2': '', 'country': 'US', 'city': 'Mariahtown', 'state': 'SD', 'zipcode': '57188', 'default': True}]",27,M,books_apparel_homedecor,discount_indifferent,True
3147,user3147,maria.wood@example.com,Maria,Wood,"[{'first_name': 'Maria', 'last_name': 'Wood', 'address1': '8672 Samantha Trafficway', 'address2': '', 'country': 'US', 'city': 'East Eric', 'state': 'MI', 'zipcode': '48495', 'default': True}]",52,F,beauty_accessories_instruments,discount_indifferent,True
3164,user3164,kim.fuentes@example.com,Kim,Fuentes,"[{'first_name': 'Kim', 'last_name': 'Fuentes', 'address1': '368 Johnson Passage', 'address2': '', 'country': 'US', 'city': 'Osbornemouth', 'state': 'MA', 'zipcode': '02248', 'default': True}]",35,F,groceries_seasonal_tools,lower_priced_products,True
3189,user3189,frederick.jones@example.com,Frederick,Jones,"[{'first_name': 'Frederick', 'last_name': 'Jones', 'address1': '461 Gloria Forks Apt. 044', 'address2': '', 'country': 'US', 'city': 'North Sarahmouth', 'state': 'HI', 'zipcode': '96894', 'default': True}]",48,M,seasonal_furniture_floral,discount_indifferent,True
3198,user3198,benjamin.fuller@example.com,Benjamin,Fuller,"[{'first_name': 'Benjamin', 'last_name': 'Fuller', 'address1': '5312 Adam Extensions', 'address2': '', 'country': 'US', 'city': 'Lambertport', 'state': 'TX', 'zipcode': '73301', 'default': True}]",51,M,accessories_groceries_books,lower_priced_products,True
3251,user3251,david.zamora@example.com,David,Zamora,"[{'first_name': 'David', 'last_name': 'Zamora', 'address1': '03126 Henderson Springs', 'address2': '', 'country': 'US', 'city': 'East Bill', 'state': 'TN', 'zipcode': '37742', 'default': True}]",36,M,furniture_homedecor_housewares,lower_priced_products,True
3264,user3264,brittney.nelson@example.com,Brittney,Nelson,"[{'first_name': 'Brittney', 'last_name': 'Nelson', 'address1': '519 Hawkins Extension', 'address2': '', 'country': 'US', 'city': 'New Nancyhaven', 'state': 'PA', 'zipcode': '18681', 'default': True}]",18,F,homedecor_electronics_outdoors,discount_indifferent,True
3292,user3292,timothy.white@example.com,Timothy,White,"[{'first_name': 'Timothy', 'last_name': 'White', 'address1': '02983 Torres Squares Suite 746', 'address2': '', 'country': 'US', 'city': 'Johnborough', 'state': 'MS', 'zipcode': '38609', 'default': True}]",51,M,apparel_footwear_accessories,lower_priced_products,True
3323,user3323,richard.harris@example.com,Richard,Harris,"[{'first_name': 'Richard', 'last_name': 'Harris', 'address1': '902 Galloway Dale', 'address2': '', 'country': 'US', 'city': 'South Heather', 'state': 'OK', 'zipcode': '73125', 'default': True}]",45,M,footwear_jewelry_furniture,discount_indifferent,True
3336,user3336,francisco.wallace@example.com,Francisco,Wallace,"[{'first_name': 'Francisco', 'last_name': 'Wallace', 'address1': '100 Pierce Grove Suite 059', 'address2': '', 'country': 'US', 'city': 'Stephenton', 'state': 'OH', 'zipcode': '44597', 'default': True}]",44,M,floral_beauty_jewelry,lower_priced_products,True
3348,user3348,melvin.kent@example.com,Melvin,Kent,"[{'first_name': 'Melvin', 'last_name': 'Kent', 'address1': '1391 Amy Via Apt. 868', 'address2': '', 'country': 'US', 'city': 'New Yvonneborough', 'state': 'WA', 'zipcode': '98706', 'default': True}]",25,M,furniture_homedecor_housewares,all_discounts,True
3365,user3365,david.caldwell@example.com,David,Caldwell,"[{'first_name': 'David', 'last_name': 'Caldwell', 'address1': '708 Amy Skyway Apt. 793', 'address2': '', 'country': 'US', 'city': 'North Lauraport', 'state': 'IL', 'zipcode': '62787', 'default': True}]",56,M,seasonal_furniture_floral,discount_indifferent,True
3378,user3378,samuel.peters@example.com,Samuel,Peters,"[{'first_name': 'Samuel', 'last_name': 'Peters', 'address1': '175 Jessica Burg', 'address2': '', 'country': 'US', 'city': 'East Jeffrey', 'state': 'NC', 'zipcode': '27779', 'default': True}]",25,M,beauty_accessories_instruments,discount_indifferent,True
3383,user3383,karen.reed@example.com,Karen,Reed,"[{'first_name': 'Karen', 'last_name': 'Reed', 'address1': '28964 Black Springs Suite 662', 'address2': '', 'country': 'US', 'city': 'Wardborough', 'state': 'KY', 'zipcode': '40109', 'default': True}]",19,F,apparel_footwear_accessories,lower_priced_products,True
3424,user3424,lauren.ramirez@example.com,Lauren,Ramirez,"[{'first_name': 'Lauren', 'last_name': 'Ramirez', 'address1': '1875 Mary Cliff', 'address2': '', 'country': 'US', 'city': 'Greenshire', 'state': 'MN', 'zipcode': '56483', 'default': True}]",19,F,books_apparel_homedecor,lower_priced_products,True
3430,user3430,james.torres@example.com,James,Torres,"[{'first_name': 'James', 'last_name': 'Torres', 'address1': '163 Keith Union Apt. 429', 'address2': '', 'country': 'US', 'city': 'South Brianside', 'state': 'SC', 'zipcode': '29504', 'default': True}]",38,M,books_apparel_homedecor,all_discounts,True
3431,user3431,bailey.sharp@example.com,Bailey,Sharp,"[{'first_name': 'Bailey', 'last_name': 'Sharp', 'address1': '38502 Gallagher Pike Suite 099', 'address2': '', 'country': 'US', 'city': 'Rhodesstad', 'state': 'RI', 'zipcode': '02913', 'default': True}]",37,F,furniture_homedecor_housewares,lower_priced_products,True
3444,user3444,erik.flores@example.com,Erik,Flores,"[{'first_name': 'Erik', 'last_name': 'Flores', 'address1': '464 Joshua Trace', 'address2': '', 'country': 'US', 'city': 'North Larry', 'state': 'AZ', 'zipcode': '85107', 'default': True}]",72,M,seasonal_furniture_floral,all_discounts,True
3483,user3483,edward.morris@example.com,Edward,Morris,"[{'first_name': 'Edward', 'last_name': 'Morris', 'address1': '7784 Hatfield Pass Apt. 395', 'address2': '', 'country': 'US', 'city': 'West Brianborough', 'state': 'ID', 'zipcode': '83846', 'default': True}]",28,M,footwear_jewelry_furniture,discount_indifferent,True
3510,user3510,stacy.kelly@example.com,Stacy,Kelly,"[{'first_name': 'Stacy', 'last_name': 'Kelly', 'address1': '6652 Holly Squares Suite 242', 'address2': '', 'country': 'US', 'city': 'Johnmouth', 'state': 'OR', 'zipcode': '97745', 'default': True}]",20,F,housewares_tools_beauty,discount_indifferent,True
3521,user3521,david.valdez@example.com,David,Valdez,"[{'first_name': 'David', 'last_name': 'Valdez', 'address1': '0182 Todd Spring', 'address2': '', 'country': 'US', 'city': 'North Juliashire', 'state': 'FL', 'zipcode': '32219', 'default': True}]",26,M,accessories_groceries_books,all_discounts,True
3523,user3523,timothy.thomas@example.com,Timothy,Thomas,"[{'first_name': 'Timothy', 'last_name': 'Thomas', 'address1': '2723 Susan Vista', 'address2': '', 'country': 'US', 'city': 'Port Donaldton', 'state': 'OR', 'zipcode': '97525', 'default': True}]",28,M,electronics_outdoors_footwear,lower_priced_products,True
3531,user3531,megan.ward@example.com,Megan,Ward,"[{'first_name': 'Megan', 'last_name': 'Ward', 'address1': '6764 Jeffery Terrace Suite 176', 'address2': '', 'country': 'US', 'city': 'Thomasbury', 'state': 'IN', 'zipcode': '46413', 'default': True}]",28,F,furniture_homedecor_housewares,lower_priced_products,True
3546,user3546,tyler.rivera@example.com,Tyler,Rivera,"[{'first_name': 'Tyler', 'last_name': 'Rivera', 'address1': '34720 Andrews Glens Suite 247', 'address2': '', 'country': 'US', 'city': 'West Kevin', 'state': 'DC', 'zipcode': '20012', 'default': True}]",24,M,footwear_jewelry_furniture,discount_indifferent,True
3577,user3577,michael.mitchell@example.com,Michael,Mitchell,"[{'first_name': 'Michael', 'last_name': 'Mitchell', 'address1': '81370 Campbell Summit', 'address2': '', 'country': 'US', 'city': 'South Jessica', 'state': 'MI', 'zipcode': '48683', 'default': True}]",25,M,housewares_floral_seasonal,discount_indifferent,True
3601,user3601,jennifer.stone@example.com,Jennifer,Stone,"[{'first_name': 'Jennifer', 'last_name': 'Stone', 'address1': '5402 Evans Valley Suite 905', 'address2': '', 'country': 'US', 'city': 'Randallborough', 'state': 'IL', 'zipcode': '61006', 'default': True}]",23,F,housewares_tools_beauty,lower_priced_products,True
3623,user3623,eric.johnson@example.com,Eric,Johnson,"[{'first_name': 'Eric', 'last_name': 'Johnson', 'address1': '4402 Smith Bridge Apt. 521', 'address2': '', 'country': 'US', 'city': 'South Nicolefurt', 'state': 'AK', 'zipcode': '99753', 'default': True}]",26,M,seasonal_furniture_floral,discount_indifferent,True
3684,user3684,donna.hodges@example.com,Donna,Hodges,"[{'first_name': 'Donna', 'last_name': 'Hodges', 'address1': '0047 Robinson Gardens', 'address2': '', 'country': 'US', 'city': 'North Marc', 'state': 'RI', 'zipcode': '02931', 'default': True}]",27,F,homedecor_electronics_outdoors,discount_indifferent,True
3715,user3715,michelle.mcmillan@example.com,Michelle,Mcmillan,"[{'first_name': 'Michelle', 'last_name': 'Mcmillan', 'address1': '2790 Zhang Greens Suite 409', 'address2': '', 'country': 'US', 'city': 'Kingchester', 'state': 'VA', 'zipcode': '20041', 'default': True}]",68,F,instruments_books_electronics,discount_indifferent,True
3765,user3765,cynthia.bowers@example.com,Cynthia,Bowers,"[{'first_name': 'Cynthia', 'last_name': 'Bowers', 'address1': '5503 Laura Haven Apt. 699', 'address2': '', 'country': 'US', 'city': 'Port Jaredville', 'state': 'IL', 'zipcode': '61152', 'default': True}]",35,F,apparel_footwear_accessories,discount_indifferent,True
3767,user3767,christopher.johnson@example.com,Christopher,Johnson,"[{'first_name': 'Christopher', 'last_name': 'Johnson', 'address1': '554 Frost Knoll Apt. 364', 'address2': '', 'country': 'US', 'city': 'North Justin', 'state': 'IL', 'zipcode': '61233', 'default': True}]",38,M,accessories_groceries_books,all_discounts,True
3789,user3789,pamela.strickland@example.com,Pamela,Strickland,"[{'first_name': 'Pamela', 'last_name': 'Strickland', 'address1': '20618 Jennifer Hill Suite 889', 'address2': '', 'country': 'US', 'city': 'Jenniferton', 'state': 'NV', 'zipcode': '89059', 'default': True}]",22,F,tools_housewares_apparel,all_discounts,True
3790,user3790,peggy.james@example.com,Peggy,James,"[{'first_name': 'Peggy', 'last_name': 'James', 'address1': '3732 Weaver Shoals', 'address2': '', 'country': 'US', 'city': 'Lorraineton', 'state': 'MO', 'zipcode': '65186', 'default': True}]",64,F,accessories_groceries_books,lower_priced_products,True
3794,user3794,ann.mcguire@example.com,Ann,Mcguire,"[{'first_name': 'Ann', 'last_name': 'Mcguire', 'address1': '97953 Clarke Island', 'address2': '', 'country': 'US', 'city': 'East Nathan', 'state': 'CT', 'zipcode': '06347', 'default': True}]",43,F,housewares_tools_beauty,all_discounts,True
3812,user3812,zachary.meyer@example.com,Zachary,Meyer,"[{'first_name': 'Zachary', 'last_name': 'Meyer', 'address1': '0497 Melissa Pine Suite 726', 'address2': '', 'country': 'US', 'city': 'New Nicholas', 'state': 'VA', 'zipcode': '20041', 'default': True}]",33,M,furniture_homedecor_housewares,all_discounts,True
3839,user3839,mary.romero@example.com,Mary,Romero,"[{'first_name': 'Mary', 'last_name': 'Romero', 'address1': '80197 Heather Vista Apt. 220', 'address2': '', 'country': 'US', 'city': 'New Jeffreybury', 'state': 'MI', 'zipcode': '48760', 'default': True}]",56,F,electronics_outdoors_footwear,discount_indifferent,True
3841,user3841,brian.nunez@example.com,Brian,Nunez,"[{'first_name': 'Brian', 'last_name': 'Nunez', 'address1': '8702 Sandoval Plains', 'address2': '', 'country': 'US', 'city': 'Thomasview', 'state': 'MS', 'zipcode': '38895', 'default': True}]",36,M,accessories_groceries_books,discount_indifferent,True
3846,user3846,mary.hogan@example.com,Mary,Hogan,"[{'first_name': 'Mary', 'last_name': 'Hogan', 'address1': '850 Long Road', 'address2': '', 'country': 'US', 'city': 'Tiffanyborough', 'state': 'MN', 'zipcode': '55587', 'default': True}]",40,F,seasonal_furniture_floral,discount_indifferent,True
3855,user3855,taylor.buckley@example.com,Taylor,Buckley,"[{'first_name': 'Taylor', 'last_name': 'Buckley', 'address1': '44685 Schmitt Avenue', 'address2': '', 'country': 'US', 'city': 'Joestad', 'state': 'ND', 'zipcode': '58541', 'default': True}]",40,M,groceries_seasonal_tools,all_discounts,True
3881,user3881,jacob.hampton@example.com,Jacob,Hampton,"[{'first_name': 'Jacob', 'last_name': 'Hampton', 'address1': '29273 Duncan Locks Apt. 545', 'address2': '', 'country': 'US', 'city': 'West Kimberly', 'state': 'ND', 'zipcode': '58121', 'default': True}]",35,M,seasonal_furniture_floral,discount_indifferent,True
3913,user3913,michael.watkins@example.com,Michael,Watkins,"[{'first_name': 'Michael', 'last_name': 'Watkins', 'address1': '6315 Bowen Wall', 'address2': '', 'country': 'US', 'city': 'Evanschester', 'state': 'NJ', 'zipcode': '08603', 'default': True}]",18,M,accessories_groceries_books,discount_indifferent,True
3920,user3920,christopher.burns@example.com,Christopher,Burns,"[{'first_name': 'Christopher', 'last_name': 'Burns', 'address1': '36864 Carlos Views', 'address2': '', 'country': 'US', 'city': 'Stephenfurt', 'state': 'TX', 'zipcode': '73301', 'default': True}]",46,M,footwear_jewelry_furniture,discount_indifferent,True
3923,user3923,cassandra.calderon@example.com,Cassandra,Calderon,"[{'first_name': 'Cassandra', 'last_name': 'Calderon', 'address1': '21248 Warren Throughway Suite 890', 'address2': '', 'country': 'US', 'city': 'Port Thomashaven', 'state': 'SC', 'zipcode': '29450', 'default': True}]",45,F,seasonal_furniture_floral,discount_indifferent,True
3928,user3928,laura.thompson@example.com,Laura,Thompson,"[{'first_name': 'Laura', 'last_name': 'Thompson', 'address1': '8208 Garza Pike Suite 817', 'address2': '', 'country': 'US', 'city': 'Reeveschester', 'state': 'MA', 'zipcode': '01476', 'default': True}]",40,F,electronics_outdoors_footwear,lower_priced_products,True
3955,user3955,jordan.hall@example.com,Jordan,Hall,"[{'first_name': 'Jordan', 'last_name': 'Hall', 'address1': '5291 Julia Walks', 'address2': '', 'country': 'US', 'city': 'East Juliaside', 'state': 'LA', 'zipcode': '70715', 'default': True}]",26,M,apparel_footwear_accessories,lower_priced_products,True
3998,user3998,jill.henry@example.com,Jill,Henry,"[{'first_name': 'Jill', 'last_name': 'Henry', 'address1': '8382 Schultz Forges Apt. 481', 'address2': '', 'country': 'US', 'city': 'West Nicoleland', 'state': 'NV', 'zipcode': '89863', 'default': True}]",32,F,instruments_books_electronics,all_discounts,True
4001,user4001,sarah.torres@example.com,Sarah,Torres,"[{'first_name': 'Sarah', 'last_name': 'Torres', 'address1': '02801 Julie Gardens Suite 641', 'address2': '', 'country': 'US', 'city': 'Lake Sherylfurt', 'state': 'CO', 'zipcode': '80321', 'default': True}]",37,F,floral_beauty_jewelry,discount_indifferent,True
4033,user4033,thomas.stewart@example.com,Thomas,Stewart,"[{'first_name': 'Thomas', 'last_name': 'Stewart', 'address1': '8442 Eric Corner Apt. 057', 'address2': '', 'country': 'US', 'city': 'North Annashire', 'state': 'MA', 'zipcode': '01972', 'default': True}]",21,M,groceries_seasonal_tools,discount_indifferent,True
4049,user4049,shawn.holloway@example.com,Shawn,Holloway,"[{'first_name': 'Shawn', 'last_name': 'Holloway', 'address1': '6537 John Cliff Suite 888', 'address2': '', 'country': 'US', 'city': 'Jacobberg', 'state': 'NE', 'zipcode': '68081', 'default': True}]",49,M,footwear_jewelry_furniture,all_discounts,True
4087,user4087,jamie.wells@example.com,Jamie,Wells,"[{'first_name': 'Jamie', 'last_name': 'Wells', 'address1': '62211 Anthony Bypass', 'address2': '', 'country': 'US', 'city': 'Lake Alicia', 'state': 'MT', 'zipcode': '59877', 'default': True}]",23,F,outdoors_instruments_groceries,all_discounts,True
4088,user4088,billy.blevins@example.com,Billy,Blevins,"[{'first_name': 'Billy', 'last_name': 'Blevins', 'address1': '3574 Guzman Causeway', 'address2': '', 'country': 'US', 'city': 'Lopezburgh', 'state': 'MO', 'zipcode': '64543', 'default': True}]",38,M,homedecor_electronics_outdoors,all_discounts,True
4101,user4101,james.gibbs@example.com,James,Gibbs,"[{'first_name': 'James', 'last_name': 'Gibbs', 'address1': '32771 Keith Coves Suite 935', 'address2': '', 'country': 'US', 'city': 'Briannaland', 'state': 'WA', 'zipcode': '98997', 'default': True}]",39,M,outdoors_instruments_groceries,all_discounts,True
4108,user4108,david.powell@example.com,David,Powell,"[{'first_name': 'David', 'last_name': 'Powell', 'address1': '143 Rodriguez Islands Suite 483', 'address2': '', 'country': 'US', 'city': 'Thompsonview', 'state': 'SC', 'zipcode': '29531', 'default': True}]",20,M,outdoors_instruments_groceries,all_discounts,True
4139,user4139,brian.nguyen@example.com,Brian,Nguyen,"[{'first_name': 'Brian', 'last_name': 'Nguyen', 'address1': '08105 Marquez Glen', 'address2': '', 'country': 'US', 'city': 'Port Thomasshire', 'state': 'NH', 'zipcode': '03846', 'default': True}]",40,M,accessories_groceries_books,all_discounts,True
4144,user4144,joseph.wolfe@example.com,Joseph,Wolfe,"[{'first_name': 'Joseph', 'last_name': 'Wolfe', 'address1': '82017 Karen Rapid Apt. 174', 'address2': '', 'country': 'US', 'city': 'New Joshua', 'state': 'NV', 'zipcode': '89695', 'default': True}]",48,M,groceries_seasonal_tools,all_discounts,True
4197,user4197,casey.anderson@example.com,Casey,Anderson,"[{'first_name': 'Casey', 'last_name': 'Anderson', 'address1': '01478 Christine Parkway Apt. 977', 'address2': '', 'country': 'US', 'city': 'North Janiceside', 'state': 'WV', 'zipcode': '26417', 'default': True}]",19,F,groceries_seasonal_tools,all_discounts,True
4202,user4202,ann.brown@example.com,Ann,Brown,"[{'first_name': 'Ann', 'last_name': 'Brown', 'address1': '7459 Michael Tunnel Suite 372', 'address2': '', 'country': 'US', 'city': 'Michaelbury', 'state': 'NE', 'zipcode': '68073', 'default': True}]",25,F,beauty_accessories_instruments,lower_priced_products,True
4203,user4203,catherine.hernandez@example.com,Catherine,Hernandez,"[{'first_name': 'Catherine', 'last_name': 'Hernandez', 'address1': '09785 Williams Forges', 'address2': '', 'country': 'US', 'city': 'New Kimberly', 'state': 'HI', 'zipcode': '96772', 'default': True}]",23,F,homedecor_electronics_outdoors,lower_priced_products,True
4221,user4221,andre.lopez@example.com,Andre,Lopez,"[{'first_name': 'Andre', 'last_name': 'Lopez', 'address1': '21475 Glover Trail Suite 812', 'address2': '', 'country': 'US', 'city': 'Edwardmouth', 'state': 'KS', 'zipcode': '67293', 'default': True}]",29,M,housewares_floral_seasonal,discount_indifferent,True
4256,user4256,alicia.noble@example.com,Alicia,Noble,"[{'first_name': 'Alicia', 'last_name': 'Noble', 'address1': '3669 Matthew Streets', 'address2': '', 'country': 'US', 'city': 'Paulview', 'state': 'MA', 'zipcode': '01481', 'default': True}]",40,F,beauty_accessories_instruments,all_discounts,True
4260,user4260,madison.tate@example.com,Madison,Tate,"[{'first_name': 'Madison', 'last_name': 'Tate', 'address1': '3374 Wang Circle', 'address2': '', 'country': 'US', 'city': 'Lake Brent', 'state': 'CO', 'zipcode': '81563', 'default': True}]",32,F,groceries_seasonal_tools,discount_indifferent,True
4271,user4271,katelyn.harmon@example.com,Katelyn,Harmon,"[{'first_name': 'Katelyn', 'last_name': 'Harmon', 'address1': '972 Charles Via', 'address2': '', 'country': 'US', 'city': 'New Marvinton', 'state': 'ME', 'zipcode': '04985', 'default': True}]",40,F,seasonal_furniture_floral,lower_priced_products,True
4272,user4272,matthew.carlson@example.com,Matthew,Carlson,"[{'first_name': 'Matthew', 'last_name': 'Carlson', 'address1': '4731 Jason Isle Suite 692', 'address2': '', 'country': 'US', 'city': 'North James', 'state': 'WI', 'zipcode': '54660', 'default': True}]",58,M,seasonal_furniture_floral,all_discounts,True
4285,user4285,john.jackson@example.com,John,Jackson,"[{'first_name': 'John', 'last_name': 'Jackson', 'address1': '5070 Nixon Overpass Apt. 993', 'address2': '', 'country': 'US', 'city': 'Waltersburgh', 'state': 'FL', 'zipcode': '34216', 'default': True}]",37,M,homedecor_electronics_outdoors,discount_indifferent,True
4309,user4309,paul.lucas@example.com,Paul,Lucas,"[{'first_name': 'Paul', 'last_name': 'Lucas', 'address1': '243 Joseph Lights Apt. 827', 'address2': '', 'country': 'US', 'city': 'Amberville', 'state': 'AL', 'zipcode': '35532', 'default': True}]",48,M,books_apparel_homedecor,discount_indifferent,True
4317,user4317,jennifer.petersen@example.com,Jennifer,Petersen,"[{'first_name': 'Jennifer', 'last_name': 'Petersen', 'address1': '98144 Jasmine Ridges Suite 971', 'address2': '', 'country': 'US', 'city': 'Singletonhaven', 'state': 'DC', 'zipcode': '20038', 'default': True}]",43,F,beauty_accessories_instruments,discount_indifferent,True
4334,user4334,larry.horne@example.com,Larry,Horne,"[{'first_name': 'Larry', 'last_name': 'Horne', 'address1': '0472 Linda Pass', 'address2': '', 'country': 'US', 'city': 'Martinberg', 'state': 'NC', 'zipcode': '28790', 'default': True}]",40,M,seasonal_furniture_floral,all_discounts,True
4381,user4381,kimberly.allen@example.com,Kimberly,Allen,"[{'first_name': 'Kimberly', 'last_name': 'Allen', 'address1': '4087 Johns Dam Apt. 754', 'address2': '', 'country': 'US', 'city': 'Port Donnaport', 'state': 'CA', 'zipcode': '94999', 'default': True}]",20,F,beauty_accessories_instruments,lower_priced_products,True
4384,user4384,amanda.richards@example.com,Amanda,Richards,"[{'first_name': 'Amanda', 'last_name': 'Richards', 'address1': '143 Jason Trace', 'address2': '', 'country': 'US', 'city': 'Kyleborough', 'state': 'MT', 'zipcode': '59127', 'default': True}]",37,F,furniture_homedecor_housewares,discount_indifferent,True
4390,user4390,evan.henry@example.com,Evan,Henry,"[{'first_name': 'Evan', 'last_name': 'Henry', 'address1': '42722 Andre Ridges Suite 311', 'address2': '', 'country': 'US', 'city': 'North Gabrielaberg', 'state': 'AK', 'zipcode': '99690', 'default': True}]",19,M,seasonal_furniture_floral,discount_indifferent,True
4415,user4415,philip.orozco@example.com,Philip,Orozco,"[{'first_name': 'Philip', 'last_name': 'Orozco', 'address1': '0954 Levi Via Apt. 643', 'address2': '', 'country': 'US', 'city': 'Myersview', 'state': 'TX', 'zipcode': '73301', 'default': True}]",32,M,electronics_outdoors_footwear,lower_priced_products,True
4417,user4417,john.brewer@example.com,John,Brewer,"[{'first_name': 'John', 'last_name': 'Brewer', 'address1': '71944 Clark Expressway Suite 719', 'address2': '', 'country': 'US', 'city': 'Nelsonbury', 'state': 'MO', 'zipcode': '63055', 'default': True}]",32,M,outdoors_instruments_groceries,lower_priced_products,True
4429,user4429,jo.sanders@example.com,Jo,Sanders,"[{'first_name': 'Jo', 'last_name': 'Sanders', 'address1': '79424 Thomas Parkway', 'address2': '', 'country': 'US', 'city': 'North Hollyshire', 'state': 'OK', 'zipcode': '73125', 'default': True}]",25,F,furniture_homedecor_housewares,all_discounts,True
4452,user4452,brandon.jackson@example.com,Brandon,Jackson,"[{'first_name': 'Brandon', 'last_name': 'Jackson', 'address1': '6692 Myers Flats', 'address2': '', 'country': 'US', 'city': 'New Karen', 'state': 'PA', 'zipcode': '16480', 'default': True}]",37,M,furniture_homedecor_housewares,discount_indifferent,True
4461,user4461,jacqueline.johns@example.com,Jacqueline,Johns,"[{'first_name': 'Jacqueline', 'last_name': 'Johns', 'address1': '04421 Cannon Brook Apt. 987', 'address2': '', 'country': 'US', 'city': 'West Erica', 'state': 'OR', 'zipcode': '97028', 'default': True}]",32,F,beauty_accessories_instruments,lower_priced_products,True
4473,user4473,karl.hanson@example.com,Karl,Hanson,"[{'first_name': 'Karl', 'last_name': 'Hanson', 'address1': '345 Elizabeth Common Apt. 319', 'address2': '', 'country': 'US', 'city': 'Keithborough', 'state': 'VT', 'zipcode': '05458', 'default': True}]",26,M,accessories_groceries_books,lower_priced_products,True
4482,user4482,hayley.mcgrath@example.com,Hayley,Mcgrath,"[{'first_name': 'Hayley', 'last_name': 'Mcgrath', 'address1': '041 Johnson Burg Apt. 604', 'address2': '', 'country': 'US', 'city': 'West Steven', 'state': 'WA', 'zipcode': '98086', 'default': True}]",34,F,furniture_homedecor_housewares,discount_indifferent,True
4491,user4491,paul.avila@example.com,Paul,Avila,"[{'first_name': 'Paul', 'last_name': 'Avila', 'address1': '740 Lee Coves Suite 166', 'address2': '', 'country': 'US', 'city': 'Middletonberg', 'state': 'IL', 'zipcode': '60670', 'default': True}]",27,M,housewares_floral_seasonal,all_discounts,True
4533,user4533,william.miller@example.com,William,Miller,"[{'first_name': 'William', 'last_name': 'Miller', 'address1': '085 Watkins Road', 'address2': '', 'country': 'US', 'city': 'Lake Daniel', 'state': 'IL', 'zipcode': '61517', 'default': True}]",27,M,homedecor_electronics_outdoors,all_discounts,True
4541,user4541,adam.todd@example.com,Adam,Todd,"[{'first_name': 'Adam', 'last_name': 'Todd', 'address1': '740 Troy Well', 'address2': '', 'country': 'US', 'city': 'New Courtneyhaven', 'state': 'DC', 'zipcode': '20008', 'default': True}]",24,M,housewares_floral_seasonal,lower_priced_products,True
4547,user4547,krista.holloway@example.com,Krista,Holloway,"[{'first_name': 'Krista', 'last_name': 'Holloway', 'address1': '96815 Williams Gateway Apt. 705', 'address2': '', 'country': 'US', 'city': 'Clarkbury', 'state': 'MN', 'zipcode': '56094', 'default': True}]",18,F,footwear_jewelry_furniture,discount_indifferent,True
4556,user4556,melissa.page@example.com,Melissa,Page,"[{'first_name': 'Melissa', 'last_name': 'Page', 'address1': '7584 Gabriel Shoal', 'address2': '', 'country': 'US', 'city': 'Stevensonton', 'state': 'CO', 'zipcode': '80308', 'default': True}]",37,F,tools_housewares_apparel,discount_indifferent,True
4600,user4600,albert.brown@example.com,Albert,Brown,"[{'first_name': 'Albert', 'last_name': 'Brown', 'address1': '769 Reilly View', 'address2': '', 'country': 'US', 'city': 'Thompsonport', 'state': 'IA', 'zipcode': '52317', 'default': True}]",28,M,apparel_footwear_accessories,lower_priced_products,True
4641,user4641,jessica.clark@example.com,Jessica,Clark,"[{'first_name': 'Jessica', 'last_name': 'Clark', 'address1': '8755 Jasmine Lock Suite 090', 'address2': '', 'country': 'US', 'city': 'East Katherine', 'state': 'AR', 'zipcode': '72167', 'default': True}]",57,F,outdoors_instruments_groceries,discount_indifferent,True
4653,user4653,donald.allen@example.com,Donald,Allen,"[{'first_name': 'Donald', 'last_name': 'Allen', 'address1': '0098 Francisco Pine Suite 311', 'address2': '', 'country': 'US', 'city': 'Michellehaven', 'state': 'WI', 'zipcode': '54496', 'default': True}]",34,M,books_apparel_homedecor,all_discounts,True
4674,user4674,elizabeth.salinas@example.com,Elizabeth,Salinas,"[{'first_name': 'Elizabeth', 'last_name': 'Salinas', 'address1': '873 Joseph Prairie', 'address2': '', 'country': 'US', 'city': 'Willisshire', 'state': 'NJ', 'zipcode': '08097', 'default': True}]",22,F,apparel_footwear_accessories,lower_priced_products,True
4715,user4715,lisa.lucas@example.com,Lisa,Lucas,"[{'first_name': 'Lisa', 'last_name': 'Lucas', 'address1': '3243 Spencer Street Suite 288', 'address2': '', 'country': 'US', 'city': 'Stoutbury', 'state': 'PA', 'zipcode': '16848', 'default': True}]",35,F,accessories_groceries_books,lower_priced_products,True
4721,user4721,andrew.vargas@example.com,Andrew,Vargas,"[{'first_name': 'Andrew', 'last_name': 'Vargas', 'address1': '380 Matthew Springs Suite 012', 'address2': '', 'country': 'US', 'city': 'Port Kristen', 'state': 'ND', 'zipcode': '58487', 'default': True}]",30,M,footwear_jewelry_furniture,lower_priced_products,True
4735,user4735,adrienne.stevens@example.com,Adrienne,Stevens,"[{'first_name': 'Adrienne', 'last_name': 'Stevens', 'address1': '869 Monique Grove', 'address2': '', 'country': 'US', 'city': 'Lauriefort', 'state': 'AR', 'zipcode': '71620', 'default': True}]",33,F,beauty_accessories_instruments,all_discounts,True
4752,user4752,tracey.lucas@example.com,Tracey,Lucas,"[{'first_name': 'Tracey', 'last_name': 'Lucas', 'address1': '934 Smith Forest Apt. 267', 'address2': '', 'country': 'US', 'city': 'New Frank', 'state': 'DE', 'zipcode': '19818', 'default': True}]",33,F,footwear_jewelry_furniture,discount_indifferent,True
4765,user4765,joe.huff@example.com,Joe,Huff,"[{'first_name': 'Joe', 'last_name': 'Huff', 'address1': '193 Hartman Vista Apt. 592', 'address2': '', 'country': 'US', 'city': 'East Lisa', 'state': 'IN', 'zipcode': '46183', 'default': True}]",36,M,groceries_seasonal_tools,lower_priced_products,True
4769,user4769,tonya.davis@example.com,Tonya,Davis,"[{'first_name': 'Tonya', 'last_name': 'Davis', 'address1': '8319 Patton Club', 'address2': '', 'country': 'US', 'city': 'Rayberg', 'state': 'IA', 'zipcode': '52141', 'default': True}]",42,F,footwear_jewelry_furniture,all_discounts,True
4784,user4784,daniel.pierce@example.com,Daniel,Pierce,"[{'first_name': 'Daniel', 'last_name': 'Pierce', 'address1': '776 Tammy Ridges Suite 657', 'address2': '', 'country': 'US', 'city': 'Bassstad', 'state': 'DE', 'zipcode': '19873', 'default': True}]",28,M,housewares_floral_seasonal,lower_priced_products,True
4788,user4788,joseph.rose@example.com,Joseph,Rose,"[{'first_name': 'Joseph', 'last_name': 'Rose', 'address1': '4258 Brennan Walk Apt. 012', 'address2': '', 'country': 'US', 'city': 'Transtad', 'state': 'MA', 'zipcode': '01439', 'default': True}]",53,M,footwear_jewelry_furniture,all_discounts,True
4801,user4801,thomas.ball@example.com,Thomas,Ball,"[{'first_name': 'Thomas', 'last_name': 'Ball', 'address1': '3754 Smith Mills Suite 069', 'address2': '', 'country': 'US', 'city': 'Davidmouth', 'state': 'NE', 'zipcode': '68083', 'default': True}]",23,M,furniture_homedecor_housewares,lower_priced_products,True
4888,user4888,kimberly.archer@example.com,Kimberly,Archer,"[{'first_name': 'Kimberly', 'last_name': 'Archer', 'address1': '74057 William Parkways Suite 169', 'address2': '', 'country': 'US', 'city': 'Shermanfurt', 'state': 'CO', 'zipcode': '80945', 'default': True}]",41,F,footwear_jewelry_furniture,lower_priced_products,True
4894,user4894,matthew.tate@example.com,Matthew,Tate,"[{'first_name': 'Matthew', 'last_name': 'Tate', 'address1': '93456 Ariana Pass Apt. 651', 'address2': '', 'country': 'US', 'city': 'Wallacechester', 'state': 'NM', 'zipcode': '87240', 'default': True}]",27,M,apparel_footwear_accessories,lower_priced_products,True
4900,user4900,brandy.banks@example.com,Brandy,Banks,"[{'first_name': 'Brandy', 'last_name': 'Banks', 'address1': '5026 Patty Crescent Apt. 520', 'address2': '', 'country': 'US', 'city': 'Lake Michaelhaven', 'state': 'SD', 'zipcode': '57131', 'default': True}]",53,F,housewares_tools_beauty,discount_indifferent,True
4957,user4957,steven.lara@example.com,Steven,Lara,"[{'first_name': 'Steven', 'last_name': 'Lara', 'address1': '51856 Ramsey Streets Apt. 544', 'address2': '', 'country': 'US', 'city': 'West Maria', 'state': 'AK', 'zipcode': '99774', 'default': True}]",30,M,accessories_groceries_books,all_discounts,True
4978,user4978,carl.francis@example.com,Carl,Francis,"[{'first_name': 'Carl', 'last_name': 'Francis', 'address1': '3931 Devin Passage', 'address2': '', 'country': 'US', 'city': 'Sotoland', 'state': 'MN', 'zipcode': '55698', 'default': True}]",26,M,tools_housewares_apparel,lower_priced_products,True
5039,user5039,steven.russell@example.com,Steven,Russell,"[{'first_name': 'Steven', 'last_name': 'Russell', 'address1': '9123 Raymond Estates', 'address2': '', 'country': 'US', 'city': 'Rosschester', 'state': 'MA', 'zipcode': '02256', 'default': True}]",43,M,furniture_homedecor_housewares,discount_indifferent,True
5099,user5099,kimberly.flowers@example.com,Kimberly,Flowers,"[{'first_name': 'Kimberly', 'last_name': 'Flowers', 'address1': '38830 Elizabeth Manors Apt. 873', 'address2': '', 'country': 'US', 'city': 'North Patrick', 'state': 'MA', 'zipcode': '02066', 'default': True}]",32,F,accessories_groceries_books,discount_indifferent,True
5100,user5100,ronald.ortiz@example.com,Ronald,Ortiz,"[{'first_name': 'Ronald', 'last_name': 'Ortiz', 'address1': '0632 Matthew Station', 'address2': '', 'country': 'US', 'city': 'Lake Sue', 'state': 'MT', 'zipcode': '59328', 'default': True}]",19,M,furniture_homedecor_housewares,lower_priced_products,True
5114,user5114,alyssa.scott@example.com,Alyssa,Scott,"[{'first_name': 'Alyssa', 'last_name': 'Scott', 'address1': '19871 Kevin Oval Apt. 600', 'address2': '', 'country': 'US', 'city': 'Eugeneville', 'state': 'NM', 'zipcode': '87286', 'default': True}]",42,F,furniture_homedecor_housewares,lower_priced_products,True
5118,user5118,alyssa.allen@example.com,Alyssa,Allen,"[{'first_name': 'Alyssa', 'last_name': 'Allen', 'address1': '281 Stanton View', 'address2': '', 'country': 'US', 'city': 'South Jesusport', 'state': 'DE', 'zipcode': '19794', 'default': True}]",34,F,footwear_jewelry_furniture,all_discounts,True
5133,user5133,janet.jennings@example.com,Janet,Jennings,"[{'first_name': 'Janet', 'last_name': 'Jennings', 'address1': '63190 Elaine Port', 'address2': '', 'country': 'US', 'city': 'Port Saraside', 'state': 'NH', 'zipcode': '03381', 'default': True}]",22,F,housewares_tools_beauty,discount_indifferent,True
5155,user5155,brittney.simmons@example.com,Brittney,Simmons,"[{'first_name': 'Brittney', 'last_name': 'Simmons', 'address1': '39084 Dustin Village', 'address2': '', 'country': 'US', 'city': 'Wilsonfurt', 'state': 'ND', 'zipcode': '58107', 'default': True}]",41,F,groceries_seasonal_tools,discount_indifferent,True
5168,user5168,kevin.james@example.com,Kevin,James,"[{'first_name': 'Kevin', 'last_name': 'James', 'address1': '44758 Megan Forest Apt. 679', 'address2': '', 'country': 'US', 'city': 'Bryanview', 'state': 'PA', 'zipcode': '17239', 'default': True}]",23,M,instruments_books_electronics,lower_priced_products,True
5203,user5203,christopher.anderson@example.com,Christopher,Anderson,"[{'first_name': 'Christopher', 'last_name': 'Anderson', 'address1': '66127 Michael Burg', 'address2': '', 'country': 'US', 'city': 'South Michael', 'state': 'NJ', 'zipcode': '08671', 'default': True}]",40,M,apparel_footwear_accessories,discount_indifferent,True
5228,user5228,sarah.turner@example.com,Sarah,Turner,"[{'first_name': 'Sarah', 'last_name': 'Turner', 'address1': '9171 Christian Cliffs Apt. 025', 'address2': '', 'country': 'US', 'city': 'West Jonathanbury', 'state': 'KY', 'zipcode': '40074', 'default': True}]",51,F,instruments_books_electronics,all_discounts,True
