id,url,sk,name,category,style,description,aliases,price,image,gender_affinity,current_stock,featured
6e6ad102-7510-4a02-b8ce-5a0cd6f431d1,http://d4gg7osqby27r.cloudfront.net/#/product/6e6ad102-7510-4a02-b8ce-5a0cd6f431d1,,Gainsboro Jacket,apparel,jacket,This gainsboro jacket for women is perfect for the city,,133.99,http://d4gg7osqby27r.cloudfront.net/images/apparel/6e6ad102-7510-4a02-b8ce-5a0cd6f431d1.jpg,F,13,
49b89871-5fe7-4898-b99d-953e15fb42b2,http://d4gg7osqby27r.cloudfront.net/#/product/49b89871-5fe7-4898-b99d-953e15fb42b2,,High Definition Speakers,electronics,speaker,High definition speakers to fill the house with beautiful music,,196.99,http://d4gg7osqby27r.cloudfront.net/images/electronics/49b89871-5fe7-4898-b99d-953e15fb42b2.jpg,,6,
eb8f10ab-1317-4a11-b058-b2098bb64326,http://d4gg7osqby27r.cloudfront.net/#/product/eb8f10ab-1317-4a11-b058-b2098bb64326,,Chef Knife,housewares,kitchen,Outstanding for every kitchen,,55.99,http://d4gg7osqby27r.cloudfront.net/images/housewares/eb8f10ab-1317-4a11-b058-b2098bb64326.jpg,,7,
8a4af646-ffb5-4413-a201-750537e2a318,http://d4gg7osqby27r.cloudfront.net/#/product/8a4af646-ffb5-4413-a201-750537e2a318,,Black Shoes,footwear,formal,Pair of black formal shoes for men,,9.99,http://d4gg7osqby27r.cloudfront.net/images/footwear/8a4af646-ffb5-4413-a201-750537e2a318.jpg,M,11,
e53a6570-3a3f-4ca8-b6dc-8ff378bca757,http://d4gg7osqby27r.cloudfront.net/#/product/e53a6570-3a3f-4ca8-b6dc-8ff378bca757,,Visit Sweden,books,travel,Plan your next trip with this essential reference book on Sweden,,12.99,http://d4gg7osqby27r.cloudfront.net/images/books/e53a6570-3a3f-4ca8-b6dc-8ff378bca757.jpg,,12,
27611481-bedc-4ffd-b8e6-4af2a34d5b3e,http://d4gg7osqby27r.cloudfront.net/#/product/27611481-bedc-4ffd-b8e6-4af2a34d5b3e,,Cheese,groceries,dairy,This cheese is fresh from our dairy farms,,3.99,http://d4gg7osqby27r.cloudfront.net/images/groceries/27611481-bedc-4ffd-b8e6-4af2a34d5b3e.jpg,,17,
ddb21847-ca9b-45ec-b7fc-4cf3409ffda7,http://d4gg7osqby27r.cloudfront.net/#/product/ddb21847-ca9b-45ec-b7fc-4cf3409ffda7,,Fashionable Scarf,apparel,scarf,Fashionable scarf for women for every occasion,,94.99,http://d4gg7osqby27r.cloudfront.net/images/apparel/ddb21847-ca9b-45ec-b7fc-4cf3409ffda7.jpg,F,6,
14c5314c-6325-41e9-8e5b-4f72f5b05f27,http://d4gg7osqby27r.cloudfront.net/#/product/14c5314c-6325-41e9-8e5b-4f72f5b05f27,,Grapes,groceries,fruits,This delicious fruit is everyone's favorite,,2.99,http://d4gg7osqby27r.cloudfront.net/images/groceries/14c5314c-6325-41e9-8e5b-4f72f5b05f27.jpg,,8,
b55e794f-1137-4de2-bcea-806041e080e6,http://d4gg7osqby27r.cloudfront.net/#/product/b55e794f-1137-4de2-bcea-806041e080e6,,Visit China,books,travel,Plan your next trip with this essential reference book on China,,10.99,http://d4gg7osqby27r.cloudfront.net/images/books/b55e794f-1137-4de2-bcea-806041e080e6.jpg,,11,
a791d017-1dff-4632-bd32-cf91d966d3c4,http://d4gg7osqby27r.cloudfront.net/#/product/a791d017-1dff-4632-bd32-cf91d966d3c4,,Set Of Cushions,homedecor,cushion,This set of cushions is very stylish,,43.99,http://d4gg7osqby27r.cloudfront.net/images/homedecor/a791d017-1dff-4632-bd32-cf91d966d3c4.jpg,,7,
0f4a0199-9ad9-422a-9bca-868723b659a9,http://d4gg7osqby27r.cloudfront.net/#/product/0f4a0199-9ad9-422a-9bca-868723b659a9,,Dark Blue Shoes,footwear,sneaker,Dashing pair of dark blue shoes for ambling in a new city,,107.99,http://d4gg7osqby27r.cloudfront.net/images/footwear/0f4a0199-9ad9-422a-9bca-868723b659a9.jpg,M,11,
547c307d-f756-4e69-af71-897352247169,http://d4gg7osqby27r.cloudfront.net/#/product/547c307d-f756-4e69-af71-897352247169,,Avocado,groceries,vegetables,This flavorful veggie is a must-have in every pantry,,7.99,http://d4gg7osqby27r.cloudfront.net/images/groceries/547c307d-f756-4e69-af71-897352247169.jpg,,6,
31eef6b5-781e-4353-a851-d73ff9c22f9a,http://d4gg7osqby27r.cloudfront.net/#/product/31eef6b5-781e-4353-a851-d73ff9c22f9a,,Chinese Cuisine,books,cooking,Learn to cook Chinese cuisine with these easy recipes,,52.99,http://d4gg7osqby27r.cloudfront.net/images/books/31eef6b5-781e-4353-a851-d73ff9c22f9a.jpg,,12,
9f87cbe4-07dc-4540-ad1d-693ea0c27045,http://d4gg7osqby27r.cloudfront.net/#/product/9f87cbe4-07dc-4540-ad1d-693ea0c27045,,Cool Belt,accessories,belt,Cool belt for all occasions,,93.99,http://d4gg7osqby27r.cloudfront.net/images/accessories/9f87cbe4-07dc-4540-ad1d-693ea0c27045.jpg,M,18,
0269c908-fd3e-4c51-b9f0-0e0968623eb7,http://d4gg7osqby27r.cloudfront.net/#/product/0269c908-fd3e-4c51-b9f0-0e0968623eb7,,Acoustic Drum,instruments,percussion,This acoustic drum is perfect for amateur and professional musicians,,87.99,http://d4gg7osqby27r.cloudfront.net/images/instruments/0269c908-fd3e-4c51-b9f0-0e0968623eb7.jpg,,8,
fd34b35b-de76-496e-89f1-6ef65969e1a4,http://d4gg7osqby27r.cloudfront.net/#/product/fd34b35b-de76-496e-89f1-6ef65969e1a4,,Visit Mexico,books,travel,Plan your next trip with this essential reference book on Mexico,,15.99,http://d4gg7osqby27r.cloudfront.net/images/books/fd34b35b-de76-496e-89f1-6ef65969e1a4.jpg,,16,
4ea4ab51-cec5-4908-a95e-9529244cc050,http://d4gg7osqby27r.cloudfront.net/#/product/4ea4ab51-cec5-4908-a95e-9529244cc050,,Tan Worktable,furniture,tables,Unrivaled tan worktable for your office,,129.99,http://d4gg7osqby27r.cloudfront.net/images/furniture/4ea4ab51-cec5-4908-a95e-9529244cc050.jpg,,10,
6d5b3f03-ade6-42f7-969d-acd1f2162332,http://d4gg7osqby27r.cloudfront.net/#/product/6d5b3f03-ade6-42f7-969d-acd1f2162332,,Razor,beauty,grooming,Razor for every bathroom,,37.99,http://d4gg7osqby27r.cloudfront.net/images/beauty/6d5b3f03-ade6-42f7-969d-acd1f2162332.jpg,M,10,
fe952283-95ea-4d20-9b6e-b0711698b171,http://d4gg7osqby27r.cloudfront.net/#/product/fe952283-95ea-4d20-9b6e-b0711698b171,,Rosy-Brown Accent Table,furniture,tables,Groovy rosy-brown accent table to enhance your room,,272.99,http://d4gg7osqby27r.cloudfront.net/images/furniture/fe952283-95ea-4d20-9b6e-b0711698b171.jpg,,7,
ba96fabb-220e-40f4-8999-c270f8d06a90,http://d4gg7osqby27r.cloudfront.net/#/product/ba96fabb-220e-40f4-8999-c270f8d06a90,,Christmas Ornament,seasonal,christmas,A favorite for the holidays,,93.99,http://d4gg7osqby27r.cloudfront.net/images/seasonal/ba96fabb-220e-40f4-8999-c270f8d06a90.jpg,,12,
54158f12-a839-466b-afbc-7c8788c9fd85,http://d4gg7osqby27r.cloudfront.net/#/product/54158f12-a839-466b-afbc-7c8788c9fd85,,Firebrick Sneakers,footwear,sneaker,An all-around intrepid pair of firebrick sneakers,,160.99,http://d4gg7osqby27r.cloudfront.net/images/footwear/54158f12-a839-466b-afbc-7c8788c9fd85.jpg,M,16,
69db7a78-e649-482d-b460-4d4321e7f384,http://d4gg7osqby27r.cloudfront.net/#/product/69db7a78-e649-482d-b460-4d4321e7f384,,Easter Decoration,seasonal,easter,A must-have for April,,49.99,http://d4gg7osqby27r.cloudfront.net/images/seasonal/69db7a78-e649-482d-b460-4d4321e7f384.jpg,,7,
04b9b2b6-28c7-4dba-89b4-a2a918d836df,http://d4gg7osqby27r.cloudfront.net/#/product/04b9b2b6-28c7-4dba-89b4-a2a918d836df,,White And Black Chair,furniture,chairs,Incomparable white and black chair for your office,,94.99,http://d4gg7osqby27r.cloudfront.net/images/furniture/04b9b2b6-28c7-4dba-89b4-a2a918d836df.jpg,,7,
ab22df42-55a5-4180-b46d-5a55d77811e1,http://d4gg7osqby27r.cloudfront.net/#/product/ab22df42-55a5-4180-b46d-5a55d77811e1,,High Fidelity Microphone,instruments,microphone,This high fidelity microphone can be relied upon in every situation,,228.99,http://d4gg7osqby27r.cloudfront.net/images/instruments/ab22df42-55a5-4180-b46d-5a55d77811e1.jpg,,16,
3b4ec162-f680-4323-8ddc-95cf37366248,http://d4gg7osqby27r.cloudfront.net/#/product/3b4ec162-f680-4323-8ddc-95cf37366248,,Burlywood Coat,apparel,jacket,Cool winter casual coat for men for the mountains,,141.99,http://d4gg7osqby27r.cloudfront.net/images/apparel/3b4ec162-f680-4323-8ddc-95cf37366248.jpg,M,10,
0ed92852-f5ac-41e1-ad8f-1731b24e37c5,http://d4gg7osqby27r.cloudfront.net/#/product/0ed92852-f5ac-41e1-ad8f-1731b24e37c5,,Christmas Figurines,seasonal,christmas,A must-have for the holidays,,72.99,http://d4gg7osqby27r.cloudfront.net/images/seasonal/0ed92852-f5ac-41e1-ad8f-1731b24e37c5.jpg,,8,
bac8c61d-dd0e-42f1-8c9b-004ae7e64131,http://d4gg7osqby27r.cloudfront.net/#/product/bac8c61d-dd0e-42f1-8c9b-004ae7e64131,,Cheese,groceries,dairy,This cheese is made sustainably by our dairy farmers,,5.99,http://d4gg7osqby27r.cloudfront.net/images/groceries/bac8c61d-dd0e-42f1-8c9b-004ae7e64131.jpg,,11,
060ed40f-91cb-4bd5-a0fc-36f7351d2221,http://d4gg7osqby27r.cloudfront.net/#/product/060ed40f-91cb-4bd5-a0fc-36f7351d2221,,Bananas,groceries,fruits,This delicious fruit is everyone's favorite,,3.99,http://d4gg7osqby27r.cloudfront.net/images/groceries/060ed40f-91cb-4bd5-a0fc-36f7351d2221.jpg,,17,
a11ef46f-dedf-48c8-94b0-3c9572608c5f,http://d4gg7osqby27r.cloudfront.net/#/product/a11ef46f-dedf-48c8-94b0-3c9572608c5f,,Hip Scarf,apparel,scarf,Hip scarf for women for every occasion,,70.99,http://d4gg7osqby27r.cloudfront.net/images/apparel/a11ef46f-dedf-48c8-94b0-3c9572608c5f.jpg,F,17,
126de4a5-9a55-400e-9af2-325e3ad200c9,http://d4gg7osqby27r.cloudfront.net/#/product/126de4a5-9a55-400e-9af2-325e3ad200c9,,Christmas Ornament,seasonal,christmas,A favorite for the holidays,,145.99,http://d4gg7osqby27r.cloudfront.net/images/seasonal/126de4a5-9a55-400e-9af2-325e3ad200c9.jpg,,8,
baca6570-15ab-43f8-a610-38a6efa502df,http://d4gg7osqby27r.cloudfront.net/#/product/baca6570-15ab-43f8-a610-38a6efa502df,,Black Shoes,footwear,formal,Pair of black formal shoes for women,,9.99,http://d4gg7osqby27r.cloudfront.net/images/footwear/baca6570-15ab-43f8-a610-38a6efa502df.jpg,F,13,
be0967ed-5970-46b2-8d57-13065f647013,http://d4gg7osqby27r.cloudfront.net/#/product/be0967ed-5970-46b2-8d57-13065f647013,,Black Worktable,furniture,tables,Definitive black worktable for your office,,256.99,http://d4gg7osqby27r.cloudfront.net/images/furniture/be0967ed-5970-46b2-8d57-13065f647013.jpg,,10,
d090af37-2c9d-4779-9baf-2944eb436f14,http://d4gg7osqby27r.cloudfront.net/#/product/d090af37-2c9d-4779-9baf-2944eb436f14,,Plier,tools,plier,This plier is a must-have for your toolbox,,11.99,http://d4gg7osqby27r.cloudfront.net/images/tools/d090af37-2c9d-4779-9baf-2944eb436f14.jpg,,11,
f8834f5f-4017-4da0-98d6-3c8985cbc7f5,http://d4gg7osqby27r.cloudfront.net/#/product/f8834f5f-4017-4da0-98d6-3c8985cbc7f5,,Pale Gray Sofa,furniture,sofas,Outstanding pale gray sofa for any room,,887.99,http://d4gg7osqby27r.cloudfront.net/images/furniture/f8834f5f-4017-4da0-98d6-3c8985cbc7f5.jpg,,18,
4f9f0015-6f87-4608-a3ea-e8de2c0881c6,http://d4gg7osqby27r.cloudfront.net/#/product/4f9f0015-6f87-4608-a3ea-e8de2c0881c6,,Taper Candle,homedecor,lighting,This taper candle is a must-have for the lighting of your home,,28.99,http://d4gg7osqby27r.cloudfront.net/images/homedecor/4f9f0015-6f87-4608-a3ea-e8de2c0881c6.jpg,,16,
c04c5c8e-d946-402a-a751-a3d33c124ccc,http://d4gg7osqby27r.cloudfront.net/#/product/c04c5c8e-d946-402a-a751-a3d33c124ccc,,Indonesian Cuisine,books,cooking,Learn to cook Indonesian cuisine with these easy recipes,,38.99,http://d4gg7osqby27r.cloudfront.net/images/books/c04c5c8e-d946-402a-a751-a3d33c124ccc.jpg,,13,
61f4b407-4f23-4549-b955-5f17e19f7128,http://d4gg7osqby27r.cloudfront.net/#/product/61f4b407-4f23-4549-b955-5f17e19f7128,,Halloween Scarecrow,seasonal,halloween,A must-have for that fanciful day loved by all,,41.99,http://d4gg7osqby27r.cloudfront.net/images/seasonal/61f4b407-4f23-4549-b955-5f17e19f7128.jpg,,6,
0c687920-9e48-4937-87fe-472911249386,http://d4gg7osqby27r.cloudfront.net/#/product/0c687920-9e48-4937-87fe-472911249386,,Camping Chair,outdoors,camping,This camping chair is a must-have for your next trip,,45.99,http://d4gg7osqby27r.cloudfront.net/images/outdoors/0c687920-9e48-4937-87fe-472911249386.jpg,,6,
8ef26e52-1e2a-4fb1-bcaf-3e65ee8c275b,http://d4gg7osqby27r.cloudfront.net/#/product/8ef26e52-1e2a-4fb1-bcaf-3e65ee8c275b,,Wooden Worktable,furniture,tables,Increase your productivity with this outstanding wooden worktable,,284.99,http://d4gg7osqby27r.cloudfront.net/images/furniture/8ef26e52-1e2a-4fb1-bcaf-3e65ee8c275b.jpg,,14,
ad62d66b-887f-4f87-afbc-26a372e0d9f7,http://d4gg7osqby27r.cloudfront.net/#/product/ad62d66b-887f-4f87-afbc-26a372e0d9f7,,Rain Jacket,apparel,jacket,Well-insulated rain jacket for women,,121.99,http://d4gg7osqby27r.cloudfront.net/images/apparel/ad62d66b-887f-4f87-afbc-26a372e0d9f7.jpg,F,19,
1a2e30db-2b7a-4489-a865-ba704b42d341,http://d4gg7osqby27r.cloudfront.net/#/product/1a2e30db-2b7a-4489-a865-ba704b42d341,,Easter Basket,homedecor,decorative,This easter basket will delight everyone,,59.99,http://d4gg7osqby27r.cloudfront.net/images/homedecor/1a2e30db-2b7a-4489-a865-ba704b42d341.jpg,,11,
d843fe25-e7d1-40fb-84b0-64bdedf9bed6,http://d4gg7osqby27r.cloudfront.net/#/product/d843fe25-e7d1-40fb-84b0-64bdedf9bed6,,Christmas Ornament,seasonal,christmas,A must-have for the holidays,,80.99,http://d4gg7osqby27r.cloudfront.net/images/seasonal/d843fe25-e7d1-40fb-84b0-64bdedf9bed6.jpg,,17,
3f791530-9540-4a36-9838-4fb14fc247ae,http://d4gg7osqby27r.cloudfront.net/#/product/3f791530-9540-4a36-9838-4fb14fc247ae,,Edgy Earrings,jewelry,earrings,Edgy earrings for women,,23.99,http://d4gg7osqby27r.cloudfront.net/images/jewelry/3f791530-9540-4a36-9838-4fb14fc247ae.jpg,F,17,
cb12324e-4a35-4c97-a5ec-b14424bb1570,http://d4gg7osqby27r.cloudfront.net/#/product/cb12324e-4a35-4c97-a5ec-b14424bb1570,,Peru-Orange Bag,accessories,bag,Peru-orange bag for men,,89.99,http://d4gg7osqby27r.cloudfront.net/images/accessories/cb12324e-4a35-4c97-a5ec-b14424bb1570.jpg,M,9,
d16257f7-da83-4b24-9e2f-5c4a2a67bdc9,http://d4gg7osqby27r.cloudfront.net/#/product/d16257f7-da83-4b24-9e2f-5c4a2a67bdc9,,Valentine Chocolates,seasonal,valentine,A must-have for that special day,,56.99,http://d4gg7osqby27r.cloudfront.net/images/seasonal/d16257f7-da83-4b24-9e2f-5c4a2a67bdc9.jpg,,13,
c108b04b-64fd-43bd-80fc-4819eb01803a,http://d4gg7osqby27r.cloudfront.net/#/product/c108b04b-64fd-43bd-80fc-4819eb01803a,,Dark Slate Gray Jacket,apparel,jacket,This dark slate gray jacket for men is perfect for the office,,129.99,http://d4gg7osqby27r.cloudfront.net/images/apparel/c108b04b-64fd-43bd-80fc-4819eb01803a.jpg,M,17,
321f93c5-c289-4418-ae3d-05c524f867ad,http://d4gg7osqby27r.cloudfront.net/#/product/321f93c5-c289-4418-ae3d-05c524f867ad,,Trendy Glasses,accessories,glasses,Trendy glasses for men,,59.99,http://d4gg7osqby27r.cloudfront.net/images/accessories/321f93c5-c289-4418-ae3d-05c524f867ad.jpg,M,18,
2a5c2db3-ef32-4f77-ad19-f2d0dc89f779,http://d4gg7osqby27r.cloudfront.net/#/product/2a5c2db3-ef32-4f77-ad19-f2d0dc89f779,,Wedding Bouquet,floral,bouquet,Wedding bouquet delivered fresh and vibrant from our growers,,69.99,http://d4gg7osqby27r.cloudfront.net/images/floral/2a5c2db3-ef32-4f77-ad19-f2d0dc89f779.jpg,,17,
e093925f-ea8c-4409-a00f-3d725cc463fb,http://d4gg7osqby27r.cloudfront.net/#/product/e093925f-ea8c-4409-a00f-3d725cc463fb,,Swedish Cuisine,books,cooking,Learn to cook Swedish cuisine with these easy recipes,,54.99,http://d4gg7osqby27r.cloudfront.net/images/books/e093925f-ea8c-4409-a00f-3d725cc463fb.jpg,,8,
ea27628a-e7a4-4383-a13b-71c32ddeee1c,http://d4gg7osqby27r.cloudfront.net/#/product/ea27628a-e7a4-4383-a13b-71c32ddeee1c,,Accurate Headphones,electronics,headphones,This accurate pair of headphones is outstanding in clarity,,153.99,http://d4gg7osqby27r.cloudfront.net/images/electronics/ea27628a-e7a4-4383-a13b-71c32ddeee1c.jpg,,18,
4df77d59-732e-4194-b9aa-7ad3878345e7,http://d4gg7osqby27r.cloudfront.net/#/product/4df77d59-732e-4194-b9aa-7ad3878345e7,,Tan Handbag,accessories,handbag,This tan handbag is a sublime dressy companion,,114.99,http://d4gg7osqby27r.cloudfront.net/images/accessories/4df77d59-732e-4194-b9aa-7ad3878345e7.jpg,F,17,
4994caee-f0b7-4ce8-a4df-d542ce1d9bda,http://d4gg7osqby27r.cloudfront.net/#/product/4994caee-f0b7-4ce8-a4df-d542ce1d9bda,,Rich Soap,beauty,bathing,Enjoy the fragrance of this rich soap,,73.99,http://d4gg7osqby27r.cloudfront.net/images/beauty/4994caee-f0b7-4ce8-a4df-d542ce1d9bda.jpg,,10,
9e663074-853f-45a4-a950-9419eaff5531,http://d4gg7osqby27r.cloudfront.net/#/product/9e663074-853f-45a4-a950-9419eaff5531,,Spanish Cuisine,books,cooking,Learn to cook Spanish cuisine with these easy recipes,,49.99,http://d4gg7osqby27r.cloudfront.net/images/books/9e663074-853f-45a4-a950-9419eaff5531.jpg,,18,
b78718ce-5f0a-4f39-8eb0-56de026b4870,http://d4gg7osqby27r.cloudfront.net/#/product/b78718ce-5f0a-4f39-8eb0-56de026b4870,,Dark Slate Gray Backpack,accessories,backpack,Dark slate gray men's backpack for roving everywhere during the season,,146.99,http://d4gg7osqby27r.cloudfront.net/images/accessories/b78718ce-5f0a-4f39-8eb0-56de026b4870.jpg,M,8,
ef2bc846-fed1-4d6b-a9bb-e50c6961f254,http://d4gg7osqby27r.cloudfront.net/#/product/ef2bc846-fed1-4d6b-a9bb-e50c6961f254,,Visit Kenya,books,travel,Plan your next trip with this essential reference book on Kenya,,15.99,http://d4gg7osqby27r.cloudfront.net/images/books/ef2bc846-fed1-4d6b-a9bb-e50c6961f254.jpg,,13,
938bb9e7-d978-4159-b13d-e653c1548934,http://d4gg7osqby27r.cloudfront.net/#/product/938bb9e7-d978-4159-b13d-e653c1548934,,Sure-Fire Fishing Lure,outdoors,fishing,Take this sure-fire fishing lure with you,,53.99,http://d4gg7osqby27r.cloudfront.net/images/outdoors/938bb9e7-d978-4159-b13d-e653c1548934.jpg,,12,
a31ad4b3-f9a8-4a9b-a8b3-3034af7bacec,http://d4gg7osqby27r.cloudfront.net/#/product/a31ad4b3-f9a8-4a9b-a8b3-3034af7bacec,,Kiwi,groceries,fruits,Make sure to have your fresh dose of vitamin C every day,,3.99,http://d4gg7osqby27r.cloudfront.net/images/groceries/a31ad4b3-f9a8-4a9b-a8b3-3034af7bacec.jpg,,17,True
d725a542-ddaf-4e1c-a2fb-10628a6e1407,http://d4gg7osqby27r.cloudfront.net/#/product/d725a542-ddaf-4e1c-a2fb-10628a6e1407,,Black Office Chair,furniture,chairs,Increase your productivity with this nice black office chair,,112.99,http://d4gg7osqby27r.cloudfront.net/images/furniture/d725a542-ddaf-4e1c-a2fb-10628a6e1407.jpg,,15,
cafd3a0b-1cee-4b14-a852-fe507c8197cd,http://d4gg7osqby27r.cloudfront.net/#/product/cafd3a0b-1cee-4b14-a852-fe507c8197cd,,Fashionable White Shirt,apparel,shirt,Fashionable dressy white shirt for men,,149.99,http://d4gg7osqby27r.cloudfront.net/images/apparel/cafd3a0b-1cee-4b14-a852-fe507c8197cd.jpg,M,18,
0712d739-d058-414e-b905-703eaaa3d3ca,http://d4gg7osqby27r.cloudfront.net/#/product/0712d739-d058-414e-b905-703eaaa3d3ca,,Indoor Plant,floral,plant,Indoor plant delivered fresh and vibrant from our growers,,76.99,http://d4gg7osqby27r.cloudfront.net/images/floral/0712d739-d058-414e-b905-703eaaa3d3ca.jpg,,14,
be4a7449-c9a9-4528-9415-4db4116f021c,http://d4gg7osqby27r.cloudfront.net/#/product/be4a7449-c9a9-4528-9415-4db4116f021c,,Halloween Costume,seasonal,halloween,A must-have for that fanciful day loved by all,,15.99,http://d4gg7osqby27r.cloudfront.net/images/seasonal/be4a7449-c9a9-4528-9415-4db4116f021c.jpg,,10,
f98ba1c4-fc1d-4467-83bb-014b1cdb96eb,http://d4gg7osqby27r.cloudfront.net/#/product/f98ba1c4-fc1d-4467-83bb-014b1cdb96eb,,Valentine Candies,seasonal,valentine,Be sure to order early for that special day,,47.99,http://d4gg7osqby27r.cloudfront.net/images/seasonal/f98ba1c4-fc1d-4467-83bb-014b1cdb96eb.jpg,,15,
58c0ca95-b1ff-4cd4-a7c2-2ea2ce714ad4,http://d4gg7osqby27r.cloudfront.net/#/product/58c0ca95-b1ff-4cd4-a7c2-2ea2ce714ad4,,Peru-Orange Bag,accessories,bag,This peru-orange bag for men is incomparable for everyday use,,127.99,http://d4gg7osqby27r.cloudfront.net/images/accessories/58c0ca95-b1ff-4cd4-a7c2-2ea2ce714ad4.jpg,M,15,
3fa257ab-5c4c-4963-941f-bc73bafc8bff,http://d4gg7osqby27r.cloudfront.net/#/product/3fa257ab-5c4c-4963-941f-bc73bafc8bff,,Squash,groceries,vegetables,Keep your pantry well stocked with this delish and polyvalent veggie,,5.99,http://d4gg7osqby27r.cloudfront.net/images/groceries/3fa257ab-5c4c-4963-941f-bc73bafc8bff.jpg,,6,
f4d6df27-394b-42bb-b1e3-130eca6feef6,http://d4gg7osqby27r.cloudfront.net/#/product/f4d6df27-394b-42bb-b1e3-130eca6feef6,,Swell Necklace,jewelry,necklace,This swell necklace for women will be noticed by all,,133.99,http://d4gg7osqby27r.cloudfront.net/images/jewelry/f4d6df27-394b-42bb-b1e3-130eca6feef6.jpg,F,19,
6d665e0d-486e-492b-9486-ba278f387f73,http://d4gg7osqby27r.cloudfront.net/#/product/6d665e0d-486e-492b-9486-ba278f387f73,,Rattan Basket,homedecor,decorative,This rattan basket is a must-have for your home decor,,44.99,http://d4gg7osqby27r.cloudfront.net/images/homedecor/6d665e0d-486e-492b-9486-ba278f387f73.jpg,,6,
b7b07f88-31b4-425b-97a9-c161199f795c,http://d4gg7osqby27r.cloudfront.net/#/product/b7b07f88-31b4-425b-97a9-c161199f795c,,Tan Rectangular Cushion,homedecor,cushion,This tan rectangular cushion is a must-have for your house,,51.99,http://d4gg7osqby27r.cloudfront.net/images/homedecor/b7b07f88-31b4-425b-97a9-c161199f795c.jpg,,10,
4307367e-5c37-4798-b18b-ed1da0dd0cf4,http://d4gg7osqby27r.cloudfront.net/#/product/4307367e-5c37-4798-b18b-ed1da0dd0cf4,,Spiffy Scarf,apparel,scarf,Spiffy scarf for women for every occasion,,77.99,http://d4gg7osqby27r.cloudfront.net/images/apparel/4307367e-5c37-4798-b18b-ed1da0dd0cf4.jpg,F,6,
0429c546-72d1-4a5d-9db5-bd973c9e4461,http://d4gg7osqby27r.cloudfront.net/#/product/0429c546-72d1-4a5d-9db5-bd973c9e4461,,Potatoes,groceries,vegetables,Keep your pantry well stocked with this delish and polyvalent veggie,,3.99,http://d4gg7osqby27r.cloudfront.net/images/groceries/0429c546-72d1-4a5d-9db5-bd973c9e4461.jpg,,15,
61875c90-20ec-461b-b523-1c8a6fe6ce97,http://d4gg7osqby27r.cloudfront.net/#/product/61875c90-20ec-461b-b523-1c8a6fe6ce97,,Leather Boots,footwear,boot,Unsurpassed pair of leather boots,,97.99,http://d4gg7osqby27r.cloudfront.net/images/footwear/61875c90-20ec-461b-b523-1c8a6fe6ce97.jpg,M,14,
1f86f829-3fd7-4f4e-8003-5702c52a5034,http://d4gg7osqby27r.cloudfront.net/#/product/1f86f829-3fd7-4f4e-8003-5702c52a5034,,Groovy Glasses,accessories,glasses,These groovy glasses for men are outstanding,,58.99,http://d4gg7osqby27r.cloudfront.net/images/accessories/1f86f829-3fd7-4f4e-8003-5702c52a5034.jpg,M,8,
bf35140f-0a5d-4462-857d-77a6a293e412,http://d4gg7osqby27r.cloudfront.net/#/product/bf35140f-0a5d-4462-857d-77a6a293e412,,Light Gray Set Cushion,homedecor,cushion,This light gray set cushion is a must-have for your house,,46.99,http://d4gg7osqby27r.cloudfront.net/images/homedecor/bf35140f-0a5d-4462-857d-77a6a293e412.jpg,,15,
372342cf-d9cc-4f0e-a3bf-3f939dd5f9b4,http://d4gg7osqby27r.cloudfront.net/#/product/372342cf-d9cc-4f0e-a3bf-3f939dd5f9b4,,Cymbal,instruments,percussion,This cymbal will delight the most demanding musician,,426.99,http://d4gg7osqby27r.cloudfront.net/images/instruments/372342cf-d9cc-4f0e-a3bf-3f939dd5f9b4.jpg,,11,
c9eed2f3-8275-47a6-b485-166162262c70,http://d4gg7osqby27r.cloudfront.net/#/product/c9eed2f3-8275-47a6-b485-166162262c70,,Beauty Cream,beauty,bathing,A must-have in every bathroom,,9.99,http://d4gg7osqby27r.cloudfront.net/images/beauty/c9eed2f3-8275-47a6-b485-166162262c70.jpg,,10,
47d7a314-6fe8-4e00-9586-682410719b7c,http://d4gg7osqby27r.cloudfront.net/#/product/47d7a314-6fe8-4e00-9586-682410719b7c,,Red Rectangular Cushion,homedecor,cushion,This red rectangular cushion is very comfy,,40.99,http://d4gg7osqby27r.cloudfront.net/images/homedecor/47d7a314-6fe8-4e00-9586-682410719b7c.jpg,,14,
ead102ca-975b-415b-86f7-2ec87a9e6f03,http://d4gg7osqby27r.cloudfront.net/#/product/ead102ca-975b-415b-86f7-2ec87a9e6f03,,White Rectangular Cushion,homedecor,cushion,This white rectangular cushion is very nice,,49.99,http://d4gg7osqby27r.cloudfront.net/images/homedecor/ead102ca-975b-415b-86f7-2ec87a9e6f03.jpg,,11,
8c273951-c115-4400-a50e-25a4bd1a9a52,http://d4gg7osqby27r.cloudfront.net/#/product/8c273951-c115-4400-a50e-25a4bd1a9a52,,Drought-Resistant Indoor Plant,floral,plant,Drought-resistant indoor plant grown sustainably on our organic farms,,50.99,http://d4gg7osqby27r.cloudfront.net/images/floral/8c273951-c115-4400-a50e-25a4bd1a9a52.jpg,,14,
9f7a3af3-a5d5-4a4f-9fc5-3fdae3e9787a,http://d4gg7osqby27r.cloudfront.net/#/product/9f7a3af3-a5d5-4a4f-9fc5-3fdae3e9787a,,Trendy Earrings,jewelry,earrings,Trendy earrings for women,,19.99,http://d4gg7osqby27r.cloudfront.net/images/jewelry/9f7a3af3-a5d5-4a4f-9fc5-3fdae3e9787a.jpg,F,6,
da045e5a-9383-482d-956b-8a3b6d705bdc,http://d4gg7osqby27r.cloudfront.net/#/product/da045e5a-9383-482d-956b-8a3b6d705bdc,,Rosy Coat,apparel,jacket,Warm casual coat for women for winter,,89.99,http://d4gg7osqby27r.cloudfront.net/images/apparel/da045e5a-9383-482d-956b-8a3b6d705bdc.jpg,F,14,
98863ae7-9d5a-4b56-b3e9-3c6c053114e8,http://d4gg7osqby27r.cloudfront.net/#/product/98863ae7-9d5a-4b56-b3e9-3c6c053114e8,,Sparkly Heels,footwear,formal,Pair of sparkly formal heels for women,,9.99,http://d4gg7osqby27r.cloudfront.net/images/footwear/98863ae7-9d5a-4b56-b3e9-3c6c053114e8.jpg,F,16,
5c0b070b-3bf1-4d2b-99a7-0906b90ca28f,http://d4gg7osqby27r.cloudfront.net/#/product/5c0b070b-3bf1-4d2b-99a7-0906b90ca28f,,Floral Design Plates,housewares,kitchen,Unparalleled for every kitchen,,58.99,http://d4gg7osqby27r.cloudfront.net/images/housewares/5c0b070b-3bf1-4d2b-99a7-0906b90ca28f.jpg,,9,
2de31913-a3d6-4e93-a8a9-17983f24e2f8,http://d4gg7osqby27r.cloudfront.net/#/product/2de31913-a3d6-4e93-a8a9-17983f24e2f8,,Electric Guitar,instruments,strings,This electric guitar will delight the most demanding musician,,262.99,http://d4gg7osqby27r.cloudfront.net/images/instruments/2de31913-a3d6-4e93-a8a9-17983f24e2f8.jpg,,9,
c424e679-0da2-4d81-afb8-f9dc5d21ce83,http://d4gg7osqby27r.cloudfront.net/#/product/c424e679-0da2-4d81-afb8-f9dc5d21ce83,,Black Jacket,apparel,jacket,Warm casual jacket for men,,133.99,http://d4gg7osqby27r.cloudfront.net/images/apparel/c424e679-0da2-4d81-afb8-f9dc5d21ce83.jpg,M,8,
3eeaa0d2-b2bf-44d6-83cf-0bd1cb7d32f3,http://d4gg7osqby27r.cloudfront.net/#/product/3eeaa0d2-b2bf-44d6-83cf-0bd1cb7d32f3,,Denim Overcoat,apparel,jacket,Warm casual jacket for women,,171.99,http://d4gg7osqby27r.cloudfront.net/images/apparel/3eeaa0d2-b2bf-44d6-83cf-0bd1cb7d32f3.jpg,F,16,
4adabef5-293b-42c0-b6d1-1cf853f6391d,http://d4gg7osqby27r.cloudfront.net/#/product/4adabef5-293b-42c0-b6d1-1cf853f6391d,,Visit China,books,travel,Plan your next trip with this essential reference book on China,,10.99,http://d4gg7osqby27r.cloudfront.net/images/books/4adabef5-293b-42c0-b6d1-1cf853f6391d.jpg,,18,
977d3ee7-3a40-4043-8164-c7f66e384940,http://d4gg7osqby27r.cloudfront.net/#/product/977d3ee7-3a40-4043-8164-c7f66e384940,,Light Gray Handbag,accessories,handbag,Light gray handbag that works with all outfits,,101.99,http://d4gg7osqby27r.cloudfront.net/images/accessories/977d3ee7-3a40-4043-8164-c7f66e384940.jpg,F,17,
75cb828e-ccc5-41ff-9bdd-9ac3dc7740aa,http://d4gg7osqby27r.cloudfront.net/#/product/75cb828e-ccc5-41ff-9bdd-9ac3dc7740aa,,White Dresser,furniture,dressers,Unequaled white dresser with two drawers is a must-have,,142.99,http://d4gg7osqby27r.cloudfront.net/images/furniture/75cb828e-ccc5-41ff-9bdd-9ac3dc7740aa.jpg,,12,
b889fa0e-bbba-4e93-a41e-eff046a14073,http://d4gg7osqby27r.cloudfront.net/#/product/b889fa0e-bbba-4e93-a41e-eff046a14073,,Camera,electronics,camera,This camera is perfect for capturing those special moments,,1061.99,http://d4gg7osqby27r.cloudfront.net/images/electronics/b889fa0e-bbba-4e93-a41e-eff046a14073.jpg,,9,
fb59921d-39ac-4c6d-b3af-8debc5ad8255,http://d4gg7osqby27r.cloudfront.net/#/product/fb59921d-39ac-4c6d-b3af-8debc5ad8255,,Wall Clock,homedecor,clock,This wall clock is a must-have,,80.99,http://d4gg7osqby27r.cloudfront.net/images/homedecor/fb59921d-39ac-4c6d-b3af-8debc5ad8255.jpg,,19,
b6296602-fa74-4b2c-94d4-e6a67d7aaac9,http://d4gg7osqby27r.cloudfront.net/#/product/b6296602-fa74-4b2c-94d4-e6a67d7aaac9,,Slate Gray Sofa,furniture,sofas,Definitive slate gray sofa for any room,,425.99,http://d4gg7osqby27r.cloudfront.net/images/furniture/b6296602-fa74-4b2c-94d4-e6a67d7aaac9.jpg,,14,
8f08be25-5967-4a2f-82b5-324393201611,http://d4gg7osqby27r.cloudfront.net/#/product/8f08be25-5967-4a2f-82b5-324393201611,,Dark Slate Gray Set Cushion,homedecor,cushion,This dark slate gray set cushion is a must-have for your house,,56.99,http://d4gg7osqby27r.cloudfront.net/images/homedecor/8f08be25-5967-4a2f-82b5-324393201611.jpg,,6,
4988dd94-cb08-4dac-bddc-36551d08808c,http://d4gg7osqby27r.cloudfront.net/#/product/4988dd94-cb08-4dac-bddc-36551d08808c,,Wiker Basket,homedecor,decorative,This wiker basket is a must-have for your home decor,,55.99,http://d4gg7osqby27r.cloudfront.net/images/homedecor/4988dd94-cb08-4dac-bddc-36551d08808c.jpg,,14,
c3c32c14-e357-431f-a5ca-ae00a969ee84,http://d4gg7osqby27r.cloudfront.net/#/product/c3c32c14-e357-431f-a5ca-ae00a969ee84,,Acoustic Guitar,instruments,strings,This acoustic guitar is perfect for amateur and professional musicians,,489.99,http://d4gg7osqby27r.cloudfront.net/images/instruments/c3c32c14-e357-431f-a5ca-ae00a969ee84.jpg,,17,
408410b1-8914-4d3c-aebf-4375d7c36feb,http://d4gg7osqby27r.cloudfront.net/#/product/408410b1-8914-4d3c-aebf-4375d7c36feb,,Easter Candy,seasonal,easter,A must-have for April,,21.99,http://d4gg7osqby27r.cloudfront.net/images/seasonal/408410b1-8914-4d3c-aebf-4375d7c36feb.jpg,,12,
4145a8e5-1cb8-45c5-9c9e-97fa7ee5cc20,http://d4gg7osqby27r.cloudfront.net/#/product/4145a8e5-1cb8-45c5-9c9e-97fa7ee5cc20,,Wedding Bouquet,floral,bouquet,Wedding bouquet grown sustainably on our organic farms,,135.99,http://d4gg7osqby27r.cloudfront.net/images/floral/4145a8e5-1cb8-45c5-9c9e-97fa7ee5cc20.jpg,,16,
d142cebb-ce35-4581-8285-6e54171c23d9,http://d4gg7osqby27r.cloudfront.net/#/product/d142cebb-ce35-4581-8285-6e54171c23d9,,Cookie,groceries,bakery,Cookie made fresh daily in our kitchens,,7.99,http://d4gg7osqby27r.cloudfront.net/images/groceries/d142cebb-ce35-4581-8285-6e54171c23d9.jpg,,7,
4f9e1247-5342-4a79-ae6d-e53d083840a8,http://d4gg7osqby27r.cloudfront.net/#/product/4f9e1247-5342-4a79-ae6d-e53d083840a8,,Visit Britain,books,travel,Plan your next trip with this essential reference book on Britain,,15.99,http://d4gg7osqby27r.cloudfront.net/images/books/4f9e1247-5342-4a79-ae6d-e53d083840a8.jpg,,18,
252ad448-0031-4705-8ec8-d43ad8df9d71,http://d4gg7osqby27r.cloudfront.net/#/product/252ad448-0031-4705-8ec8-d43ad8df9d71,,Set,tools,set,Essential set for every craftperson,,24.99,http://d4gg7osqby27r.cloudfront.net/images/tools/252ad448-0031-4705-8ec8-d43ad8df9d71.jpg,,7,
aca48197-40cf-47b1-8eb3-ceeb29f7f23e,http://d4gg7osqby27r.cloudfront.net/#/product/aca48197-40cf-47b1-8eb3-ceeb29f7f23e,,Black Office Chair,furniture,chairs,Ideal black chair for your office,,101.99,http://d4gg7osqby27r.cloudfront.net/images/furniture/aca48197-40cf-47b1-8eb3-ceeb29f7f23e.jpg,,14,
77a73995-ee61-4793-b48c-f9e1125fbce4,http://d4gg7osqby27r.cloudfront.net/#/product/77a73995-ee61-4793-b48c-f9e1125fbce4,,Centerpiece,floral,centerpiece,Centerpiece delivered fresh and vibrant from our growers,,89.99,http://d4gg7osqby27r.cloudfront.net/images/floral/77a73995-ee61-4793-b48c-f9e1125fbce4.jpg,,10,
44808231-a5a2-4de8-8cd1-724becb8455d,http://d4gg7osqby27r.cloudfront.net/#/product/44808231-a5a2-4de8-8cd1-724becb8455d,,Bagel,groceries,bakery,Bagel made fresh daily in our kitchens,,9.99,http://d4gg7osqby27r.cloudfront.net/images/groceries/44808231-a5a2-4de8-8cd1-724becb8455d.jpg,,11,
d8bed77a-c906-4f06-aeb1-04c3557f2e8e,http://d4gg7osqby27r.cloudfront.net/#/product/d8bed77a-c906-4f06-aeb1-04c3557f2e8e,,Reindeer Square Cushion,homedecor,cushion,This square cushion is a must-have for your house,,32.99,http://d4gg7osqby27r.cloudfront.net/images/homedecor/d8bed77a-c906-4f06-aeb1-04c3557f2e8e.jpg,,16,
1fc0e7ef-b623-4b1e-90c1-5cadda765301,http://d4gg7osqby27r.cloudfront.net/#/product/1fc0e7ef-b623-4b1e-90c1-5cadda765301,,Halloween Figurine,seasonal,halloween,A must-have for that fanciful day loved by all,,42.99,http://d4gg7osqby27r.cloudfront.net/images/seasonal/1fc0e7ef-b623-4b1e-90c1-5cadda765301.jpg,,17,
76507db4-0b67-4c86-b634-f3f1a479124c,http://d4gg7osqby27r.cloudfront.net/#/product/76507db4-0b67-4c86-b634-f3f1a479124c,,Electric Bass,instruments,strings,This electric bass will delight the most demanding musician,,426.99,http://d4gg7osqby27r.cloudfront.net/images/instruments/76507db4-0b67-4c86-b634-f3f1a479124c.jpg,,11,
629a89c1-8cd2-4629-93ab-85a3502a050f,http://d4gg7osqby27r.cloudfront.net/#/product/629a89c1-8cd2-4629-93ab-85a3502a050f,,Centerpiece,floral,centerpiece,Centerpiece grown sustainably on our organic farms,,51.99,http://d4gg7osqby27r.cloudfront.net/images/floral/629a89c1-8cd2-4629-93ab-85a3502a050f.jpg,,9,
ba0c2cb6-26b8-488f-81ad-0fa52eb04940,http://d4gg7osqby27r.cloudfront.net/#/product/ba0c2cb6-26b8-488f-81ad-0fa52eb04940,,Axe,tools,axe,This axe is a must-have for your toolbox,,9.99,http://d4gg7osqby27r.cloudfront.net/images/tools/ba0c2cb6-26b8-488f-81ad-0fa52eb04940.jpg,,15,
e9daa7cd-8230-4544-9f07-86fa84d7c3c1,http://d4gg7osqby27r.cloudfront.net/#/product/e9daa7cd-8230-4544-9f07-86fa84d7c3c1,,Cool Bracelet,jewelry,bracelet,This bracelet for men is sure to show a spirited personality,,119.99,http://d4gg7osqby27r.cloudfront.net/images/jewelry/e9daa7cd-8230-4544-9f07-86fa84d7c3c1.jpg,M,15,
28c5c21b-81c0-4ff7-85b5-a7367cb9c6db,http://d4gg7osqby27r.cloudfront.net/#/product/28c5c21b-81c0-4ff7-85b5-a7367cb9c6db,,Cookie,groceries,bakery,Cookie made fresh daily in our kitchens,,8.99,http://d4gg7osqby27r.cloudfront.net/images/groceries/28c5c21b-81c0-4ff7-85b5-a7367cb9c6db.jpg,,7,
68ba7c82-7669-4810-b3f7-44215fc4248b,http://d4gg7osqby27r.cloudfront.net/#/product/68ba7c82-7669-4810-b3f7-44215fc4248b,,White Dresser,furniture,dressers,Unrivaled white dresser with lots of drawers is a must-have,,160.99,http://d4gg7osqby27r.cloudfront.net/images/furniture/68ba7c82-7669-4810-b3f7-44215fc4248b.jpg,,7,
9e798d24-65b8-42ee-b592-21afe2a23b07,http://d4gg7osqby27r.cloudfront.net/#/product/9e798d24-65b8-42ee-b592-21afe2a23b07,,Dark Slate Gray Armchair,furniture,chairs,Relax in this comfy dark slate gray armchair,,82.99,http://d4gg7osqby27r.cloudfront.net/images/furniture/9e798d24-65b8-42ee-b592-21afe2a23b07.jpg,,10,
c9ff5b53-f57c-4bca-95ef-456d957073cd,http://d4gg7osqby27r.cloudfront.net/#/product/c9ff5b53-f57c-4bca-95ef-456d957073cd,,Wedding Bouquet,floral,bouquet,Wedding bouquet grown sustainably on our organic farms,,105.99,http://d4gg7osqby27r.cloudfront.net/images/floral/c9ff5b53-f57c-4bca-95ef-456d957073cd.jpg,,18,
0646b83c-03a2-4efe-a21a-a408c4b0de49,http://d4gg7osqby27r.cloudfront.net/#/product/0646b83c-03a2-4efe-a21a-a408c4b0de49,,Cupcake,groceries,bakery,Cupcake made fresh daily in our kitchens,,5.99,http://d4gg7osqby27r.cloudfront.net/images/groceries/0646b83c-03a2-4efe-a21a-a408c4b0de49.jpg,,16,
99c03934-ef53-4711-b5a6-72b2466d8aae,http://d4gg7osqby27r.cloudfront.net/#/product/99c03934-ef53-4711-b5a6-72b2466d8aae,,Everyday Glass,housewares,kitchen,A must-have for your kitchen,,60.99,http://d4gg7osqby27r.cloudfront.net/images/housewares/99c03934-ef53-4711-b5a6-72b2466d8aae.jpg,,9,
1c54c650-dc19-486b-99a2-8621278acb9b,http://d4gg7osqby27r.cloudfront.net/#/product/1c54c650-dc19-486b-99a2-8621278acb9b,,Hanging Lamp,homedecor,lighting,This hanging lamp will enhance your home,,17.99,http://d4gg7osqby27r.cloudfront.net/images/homedecor/1c54c650-dc19-486b-99a2-8621278acb9b.jpg,,7,
d9f978ee-732c-41cb-88db-221ac4b9bdf6,http://d4gg7osqby27r.cloudfront.net/#/product/d9f978ee-732c-41cb-88db-221ac4b9bdf6,,Red Overshirt,apparel,shirt,Voguish casual overshirt for women,,68.99,http://d4gg7osqby27r.cloudfront.net/images/apparel/d9f978ee-732c-41cb-88db-221ac4b9bdf6.jpg,F,13,
819194c7-b742-4f66-8637-ec8ae17f619c,http://d4gg7osqby27r.cloudfront.net/#/product/819194c7-b742-4f66-8637-ec8ae17f619c,,Valentine Decorations,seasonal,valentine,Be sure to order early for that special day,,40.99,http://d4gg7osqby27r.cloudfront.net/images/seasonal/819194c7-b742-4f66-8637-ec8ae17f619c.jpg,,13,
b3e617ef-2757-410b-a997-f2cd2006f770,http://d4gg7osqby27r.cloudfront.net/#/product/b3e617ef-2757-410b-a997-f2cd2006f770,,Carnations Arrangement,floral,arrangement,Carnations arrangement grown sustainably on our organic farms,,112.99,http://d4gg7osqby27r.cloudfront.net/images/floral/b3e617ef-2757-410b-a997-f2cd2006f770.jpg,,12,
65c20b6c-7c1b-4f82-bd05-302f83e8cd55,http://d4gg7osqby27r.cloudfront.net/#/product/65c20b6c-7c1b-4f82-bd05-302f83e8cd55,,Black Winter Suit,apparel,jacket,Well-insulated winter suit for men,,78.99,http://d4gg7osqby27r.cloudfront.net/images/apparel/65c20b6c-7c1b-4f82-bd05-302f83e8cd55.jpg,M,8,
641f3960-72a7-4e2b-be69-8a7539eb50bb,http://d4gg7osqby27r.cloudfront.net/#/product/641f3960-72a7-4e2b-be69-8a7539eb50bb,,Lotion,beauty,bathing,Keep a bottle of this product in your bathroom,,30.99,http://d4gg7osqby27r.cloudfront.net/images/beauty/641f3960-72a7-4e2b-be69-8a7539eb50bb.jpg,,19,
72ae72f3-e7f0-4f03-b8eb-12e78c77741d,http://d4gg7osqby27r.cloudfront.net/#/product/72ae72f3-e7f0-4f03-b8eb-12e78c77741d,,Fragrant Oil,beauty,bathing,Keep a bottle of this product in your bathroom,,36.99,http://d4gg7osqby27r.cloudfront.net/images/beauty/72ae72f3-e7f0-4f03-b8eb-12e78c77741d.jpg,,8,
ad7d52cc-cc68-4aed-bdb3-cb53317a5b93,http://d4gg7osqby27r.cloudfront.net/#/product/ad7d52cc-cc68-4aed-bdb3-cb53317a5b93,,Cheese,groceries,dairy,This cheese is made sustainably by our dairy farmers,,5.99,http://d4gg7osqby27r.cloudfront.net/images/groceries/ad7d52cc-cc68-4aed-bdb3-cb53317a5b93.jpg,,8,
52f04147-c46e-452c-8e26-21c089cea285,http://d4gg7osqby27r.cloudfront.net/#/product/52f04147-c46e-452c-8e26-21c089cea285,,Video Camera,electronics,camera,This video camera is perfect for capturing those special moments,,1348.99,http://d4gg7osqby27r.cloudfront.net/images/electronics/52f04147-c46e-452c-8e26-21c089cea285.jpg,,13,
bb710911-1bba-4587-9bbe-65124d8495d0,http://d4gg7osqby27r.cloudfront.net/#/product/bb710911-1bba-4587-9bbe-65124d8495d0,,Saw,tools,saw,Essential saw for every craftperson,,25.99,http://d4gg7osqby27r.cloudfront.net/images/tools/bb710911-1bba-4587-9bbe-65124d8495d0.jpg,,16,
47707417-48c4-4faa-84ee-a06414d29e46,http://d4gg7osqby27r.cloudfront.net/#/product/47707417-48c4-4faa-84ee-a06414d29e46,,Visit Spain,books,travel,Plan your next trip with this essential reference book on Spain,,9.99,http://d4gg7osqby27r.cloudfront.net/images/books/47707417-48c4-4faa-84ee-a06414d29e46.jpg,,14,
9cc46ed9-287c-4ce8-bdb5-8e1fed177dd5,http://d4gg7osqby27r.cloudfront.net/#/product/9cc46ed9-287c-4ce8-bdb5-8e1fed177dd5,,Italian Cuisine,books,cooking,Learn to cook Italian cuisine with these easy recipes,,45.99,http://d4gg7osqby27r.cloudfront.net/images/books/9cc46ed9-287c-4ce8-bdb5-8e1fed177dd5.jpg,,16,
a228856e-ed94-48e3-9af3-575d20565bde,http://d4gg7osqby27r.cloudfront.net/#/product/a228856e-ed94-48e3-9af3-575d20565bde,,Turkish Cuisine,books,cooking,Learn to cook Turkish cuisine with these easy recipes,,21.99,http://d4gg7osqby27r.cloudfront.net/images/books/a228856e-ed94-48e3-9af3-575d20565bde.jpg,,18,
4b29ebdb-28d3-49ee-a9b1-cdb49fbb51f9,http://d4gg7osqby27r.cloudfront.net/#/product/4b29ebdb-28d3-49ee-a9b1-cdb49fbb51f9,,Farmed Salmon,groceries,seafood,"Flavorful farmed salmon, always sourced sustainably",,22.99,http://d4gg7osqby27r.cloudfront.net/images/groceries/4b29ebdb-28d3-49ee-a9b1-cdb49fbb51f9.jpg,,7,
0cb50483-3682-4db5-870c-2b007b2c08b6,http://d4gg7osqby27r.cloudfront.net/#/product/0cb50483-3682-4db5-870c-2b007b2c08b6,,Blueberries,groceries,fruits,Make sure to have your fresh dose of vitamin C every day,,4.99,http://d4gg7osqby27r.cloudfront.net/images/groceries/0cb50483-3682-4db5-870c-2b007b2c08b6.jpg,,14,
5a0f6f0b-8e77-49c0-aac5-f452ae1054fa,http://d4gg7osqby27r.cloudfront.net/#/product/5a0f6f0b-8e77-49c0-aac5-f452ae1054fa,,Ultracool Glasses,accessories,glasses,Ultracool glasses for men,,102.99,http://d4gg7osqby27r.cloudfront.net/images/accessories/5a0f6f0b-8e77-49c0-aac5-f452ae1054fa.jpg,M,6,
429991a4-077e-42c0-9f52-c2f3d5bc6686,http://d4gg7osqby27r.cloudfront.net/#/product/429991a4-077e-42c0-9f52-c2f3d5bc6686,,Gainsboro Sofa,furniture,sofas,This ritzy gainsboro sofa will be the highlight of any room,,667.99,http://d4gg7osqby27r.cloudfront.net/images/furniture/429991a4-077e-42c0-9f52-c2f3d5bc6686.jpg,,13,
62206a61-b821-47ea-be0c-c4fbf57e091e,http://d4gg7osqby27r.cloudfront.net/#/product/62206a61-b821-47ea-be0c-c4fbf57e091e,,Visit Mexico,books,travel,Plan your next trip with this essential reference book on Mexico,,12.99,http://d4gg7osqby27r.cloudfront.net/images/books/62206a61-b821-47ea-be0c-c4fbf57e091e.jpg,,7,
d4abbe9b-19dc-46d7-9ec7-1178f1df276a,http://d4gg7osqby27r.cloudfront.net/#/product/d4abbe9b-19dc-46d7-9ec7-1178f1df276a,,Dark Slate Gray Worktable,furniture,tables,Outstanding dark slate gray worktable for your office,,259.99,http://d4gg7osqby27r.cloudfront.net/images/furniture/d4abbe9b-19dc-46d7-9ec7-1178f1df276a.jpg,,9,
1d9ab420-01b5-4d5d-b7b9-43c10f4eac84,http://d4gg7osqby27r.cloudfront.net/#/product/1d9ab420-01b5-4d5d-b7b9-43c10f4eac84,,Rattan Basket,homedecor,decorative,This rattan basket will delight everyone,,45.99,http://d4gg7osqby27r.cloudfront.net/images/homedecor/1d9ab420-01b5-4d5d-b7b9-43c10f4eac84.jpg,,12,
101172c2-2a10-4597-bdc2-bc8f5583ef6a,http://d4gg7osqby27r.cloudfront.net/#/product/101172c2-2a10-4597-bdc2-bc8f5583ef6a,,Utensils,housewares,kitchen,A must-have for your kitchen,,50.99,http://d4gg7osqby27r.cloudfront.net/images/housewares/101172c2-2a10-4597-bdc2-bc8f5583ef6a.jpg,,10,
fe96a096-a0b6-4b20-a332-e11db6c0c7b0,http://d4gg7osqby27r.cloudfront.net/#/product/fe96a096-a0b6-4b20-a332-e11db6c0c7b0,,Soft Towel,beauty,bathing,Soft towel for the spa,,67.99,http://d4gg7osqby27r.cloudfront.net/images/beauty/fe96a096-a0b6-4b20-a332-e11db6c0c7b0.jpg,,18,
d8145423-38c9-43a5-a98f-8cd16fc64817,http://d4gg7osqby27r.cloudfront.net/#/product/d8145423-38c9-43a5-a98f-8cd16fc64817,,Oysters,groceries,seafood,"Flavorful oysters, always sourced sustainably",,14.99,http://d4gg7osqby27r.cloudfront.net/images/groceries/d8145423-38c9-43a5-a98f-8cd16fc64817.jpg,,7,
49dd74a3-7d11-454b-b2b1-9d40f0fef566,http://d4gg7osqby27r.cloudfront.net/#/product/49dd74a3-7d11-454b-b2b1-9d40f0fef566,,Floor Lamp,homedecor,lighting,This floor lamp is a must-have for the lighting of your home,,59.99,http://d4gg7osqby27r.cloudfront.net/images/homedecor/49dd74a3-7d11-454b-b2b1-9d40f0fef566.jpg,,10,
b3ad661c-3fc2-43e9-83d2-ea2003e685e1,http://d4gg7osqby27r.cloudfront.net/#/product/b3ad661c-3fc2-43e9-83d2-ea2003e685e1,,Wedding Bouquet,floral,bouquet,Wedding bouquet grown sustainably on our organic farms,,58.99,http://d4gg7osqby27r.cloudfront.net/images/floral/b3ad661c-3fc2-43e9-83d2-ea2003e685e1.jpg,,12,
8af58e93-a468-4f8c-9ee9-07b55cfcc3c4,http://d4gg7osqby27r.cloudfront.net/#/product/8af58e93-a468-4f8c-9ee9-07b55cfcc3c4,,Ceramic Vase,homedecor,decorative,This ceramic vase is a must-have for your home decor,,21.99,http://d4gg7osqby27r.cloudfront.net/images/homedecor/8af58e93-a468-4f8c-9ee9-07b55cfcc3c4.jpg,,8,
59ce8372-1bbe-4c53-9913-e3ca5584a055,http://d4gg7osqby27r.cloudfront.net/#/product/59ce8372-1bbe-4c53-9913-e3ca5584a055,,Centerpiece,floral,centerpiece,Centerpiece delivered fresh and vibrant from our growers,,81.99,http://d4gg7osqby27r.cloudfront.net/images/floral/59ce8372-1bbe-4c53-9913-e3ca5584a055.jpg,,16,
ded6d577-4fc3-44e1-9cde-d01d6d2f4c7c,http://d4gg7osqby27r.cloudfront.net/#/product/ded6d577-4fc3-44e1-9cde-d01d6d2f4c7c,,Beige Accent Table,furniture,tables,Trendy beige accent table to enhance your room,,278.99,http://d4gg7osqby27r.cloudfront.net/images/furniture/ded6d577-4fc3-44e1-9cde-d01d6d2f4c7c.jpg,,6,
78770acc-562f-42a9-89fb-22bf5b6b60a2,http://d4gg7osqby27r.cloudfront.net/#/product/78770acc-562f-42a9-89fb-22bf5b6b60a2,,Saddle Brown Bag,accessories,bag,This saddle brown bag for men is unparalleled for everyday use,,115.99,http://d4gg7osqby27r.cloudfront.net/images/accessories/78770acc-562f-42a9-89fb-22bf5b6b60a2.jpg,M,8,
367c7c48-d53c-438b-92ff-900282b2789a,http://d4gg7osqby27r.cloudfront.net/#/product/367c7c48-d53c-438b-92ff-900282b2789a,,Sparkly Heels,footwear,formal,Pair of sparkly heels for women,,9.99,http://d4gg7osqby27r.cloudfront.net/images/footwear/367c7c48-d53c-438b-92ff-900282b2789a.jpg,F,19,
5f56f489-e61f-49e8-868a-4d98872b2ccb,http://d4gg7osqby27r.cloudfront.net/#/product/5f56f489-e61f-49e8-868a-4d98872b2ccb,,Oysters,groceries,seafood,"Flavorful oysters, always sourced sustainably",,12.99,http://d4gg7osqby27r.cloudfront.net/images/groceries/5f56f489-e61f-49e8-868a-4d98872b2ccb.jpg,,9,
62c73bcf-6dc0-473b-b038-455122c05173,http://d4gg7osqby27r.cloudfront.net/#/product/62c73bcf-6dc0-473b-b038-455122c05173,,Ultracool Socks,apparel,socks,These ultracool colorful socks will brighten smiles,,11.99,http://d4gg7osqby27r.cloudfront.net/images/apparel/62c73bcf-6dc0-473b-b038-455122c05173.jpg,M,10,
36136315-1170-4da8-af1f-1bb90c87b05d,http://d4gg7osqby27r.cloudfront.net/#/product/36136315-1170-4da8-af1f-1bb90c87b05d,,Gray Armchair,furniture,chairs,Relax in this nice gray armchair,,150.99,http://d4gg7osqby27r.cloudfront.net/images/furniture/36136315-1170-4da8-af1f-1bb90c87b05d.jpg,,17,
68ef5629-725e-4c74-93e9-ce5eb2adbbfe,http://d4gg7osqby27r.cloudfront.net/#/product/68ef5629-725e-4c74-93e9-ce5eb2adbbfe,,Halloween Decoration,seasonal,halloween,Be sure to order early in October,,33.99,http://d4gg7osqby27r.cloudfront.net/images/seasonal/68ef5629-725e-4c74-93e9-ce5eb2adbbfe.jpg,,13,
20f199f6-09ae-4bf6-8cfd-aef64b0eea5f,http://d4gg7osqby27r.cloudfront.net/#/product/20f199f6-09ae-4bf6-8cfd-aef64b0eea5f,,Frame,homedecor,decorative,This frame will delight everyone,,26.99,http://d4gg7osqby27r.cloudfront.net/images/homedecor/20f199f6-09ae-4bf6-8cfd-aef64b0eea5f.jpg,,12,
06888a99-341b-4b86-8e31-879c414a43db,http://d4gg7osqby27r.cloudfront.net/#/product/06888a99-341b-4b86-8e31-879c414a43db,,Wall Clock,homedecor,clock,This wall clock will keep you on time,,118.99,http://d4gg7osqby27r.cloudfront.net/images/homedecor/06888a99-341b-4b86-8e31-879c414a43db.jpg,,9,
e574f0de-94eb-4781-9ed7-248f5e041549,http://d4gg7osqby27r.cloudfront.net/#/product/e574f0de-94eb-4781-9ed7-248f5e041549,,Tangerines,groceries,fruits,This flavorful fruit is everyone's favorite,,2.99,http://d4gg7osqby27r.cloudfront.net/images/groceries/e574f0de-94eb-4781-9ed7-248f5e041549.jpg,,18,
80939475-9029-41f4-a178-f34ba9d5942b,http://d4gg7osqby27r.cloudfront.net/#/product/80939475-9029-41f4-a178-f34ba9d5942b,,Green Sneakers,footwear,sneaker,Dandyish pair of green sneakers to explore in the city,,142.99,http://d4gg7osqby27r.cloudfront.net/images/footwear/80939475-9029-41f4-a178-f34ba9d5942b.jpg,M,11,
2b1a78db-aab8-41e1-b8e4-9582c886124b,http://d4gg7osqby27r.cloudfront.net/#/product/2b1a78db-aab8-41e1-b8e4-9582c886124b,,Rich Towel,beauty,bathing,Wrap yourself in this rich towel,,63.99,http://d4gg7osqby27r.cloudfront.net/images/beauty/2b1a78db-aab8-41e1-b8e4-9582c886124b.jpg,,12,
0ad9cfa9-4663-4637-969e-e19bd1466563,http://d4gg7osqby27r.cloudfront.net/#/product/0ad9cfa9-4663-4637-969e-e19bd1466563,,Dark Gray Work Table,furniture,tables,Increase your productivity with this incomparable dark gray worktable,,191.99,http://d4gg7osqby27r.cloudfront.net/images/furniture/0ad9cfa9-4663-4637-969e-e19bd1466563.jpg,,16,
24f8ba65-f4e1-4cd1-8a6e-cb3ea490890a,http://d4gg7osqby27r.cloudfront.net/#/product/24f8ba65-f4e1-4cd1-8a6e-cb3ea490890a,,Brown Boots,footwear,boot,This pair of brown boots is sublime for the weekend,,253.99,http://d4gg7osqby27r.cloudfront.net/images/footwear/24f8ba65-f4e1-4cd1-8a6e-cb3ea490890a.jpg,F,18,
c48cdd85-79da-4903-8bbf-93ee217f1fb6,http://d4gg7osqby27r.cloudfront.net/#/product/c48cdd85-79da-4903-8bbf-93ee217f1fb6,,Halloween Skeleton,seasonal,halloween,A must-have for that fanciful day loved by all,,35.99,http://d4gg7osqby27r.cloudfront.net/images/seasonal/c48cdd85-79da-4903-8bbf-93ee217f1fb6.jpg,,17,
124db2fa-17c0-4e94-9844-d1b64a081df5,http://d4gg7osqby27r.cloudfront.net/#/product/124db2fa-17c0-4e94-9844-d1b64a081df5,,White Dining Chair,furniture,chairs,Outstanding white chair for any dining room,,173.99,http://d4gg7osqby27r.cloudfront.net/images/furniture/124db2fa-17c0-4e94-9844-d1b64a081df5.jpg,,12,
e0b421f5-481e-4766-847d-474ee9228729,http://d4gg7osqby27r.cloudfront.net/#/product/e0b421f5-481e-4766-847d-474ee9228729,,Black Bag,accessories,bag,This black bag for women is quintessential for all occassions,,78.99,http://d4gg7osqby27r.cloudfront.net/images/accessories/e0b421f5-481e-4766-847d-474ee9228729.jpg,F,15,
3ab996bb-9c82-4e05-b14a-81a68352c418,http://d4gg7osqby27r.cloudfront.net/#/product/3ab996bb-9c82-4e05-b14a-81a68352c418,,Acoustic Drum,instruments,percussion,This acoustic drum is perfect for amateur and professional musicians,,392.99,http://d4gg7osqby27r.cloudfront.net/images/instruments/3ab996bb-9c82-4e05-b14a-81a68352c418.jpg,,12,
6bc496d1-f431-4642-b9ae-9dcc5881afe9,http://d4gg7osqby27r.cloudfront.net/#/product/6bc496d1-f431-4642-b9ae-9dcc5881afe9,,Desktop Computer,electronics,computer,This desktop computer is a boon for productivity,,783.99,http://d4gg7osqby27r.cloudfront.net/images/electronics/6bc496d1-f431-4642-b9ae-9dcc5881afe9.jpg,,8,
7c0147c7-4dba-4d4c-a543-57c5da5a4774,http://d4gg7osqby27r.cloudfront.net/#/product/7c0147c7-4dba-4d4c-a543-57c5da5a4774,,Voguish Glasses,accessories,glasses,These voguish glasses for women are perfect everywhere,,93.99,http://d4gg7osqby27r.cloudfront.net/images/accessories/7c0147c7-4dba-4d4c-a543-57c5da5a4774.jpg,F,18,
a33a4931-ddd6-410e-bf4c-7e1f0a39feec,http://d4gg7osqby27r.cloudfront.net/#/product/a33a4931-ddd6-410e-bf4c-7e1f0a39feec,,Dog Frisbee,outdoors,pet,Your dog will love to chase this frisbee,,25.99,http://d4gg7osqby27r.cloudfront.net/images/outdoors/a33a4931-ddd6-410e-bf4c-7e1f0a39feec.jpg,,8,
b7f0c7f6-3d88-4dda-a6ab-ba3a29502642,http://d4gg7osqby27r.cloudfront.net/#/product/b7f0c7f6-3d88-4dda-a6ab-ba3a29502642,,Striped Tee,apparel,shirt,Striped tee for men for every occasion,,241.99,http://d4gg7osqby27r.cloudfront.net/images/apparel/b7f0c7f6-3d88-4dda-a6ab-ba3a29502642.jpg,M,15,
ac29564f-2c74-47c7-8f00-5249c8eda839,http://d4gg7osqby27r.cloudfront.net/#/product/ac29564f-2c74-47c7-8f00-5249c8eda839,,Dark Gray Jacket,apparel,jacket,Cool casual jacket for men for all seasons,,100.99,http://d4gg7osqby27r.cloudfront.net/images/apparel/ac29564f-2c74-47c7-8f00-5249c8eda839.jpg,M,9,
d229f4fc-1b89-4d13-af33-5f913aa2ce60,http://d4gg7osqby27r.cloudfront.net/#/product/d229f4fc-1b89-4d13-af33-5f913aa2ce60,,Lettuce,groceries,vegetables,This delish veggie is a must-have in every pantry,,6.99,http://d4gg7osqby27r.cloudfront.net/images/groceries/d229f4fc-1b89-4d13-af33-5f913aa2ce60.jpg,,8,
a4fcaa1c-4195-4cf2-a86d-eff58b630fb6,http://d4gg7osqby27r.cloudfront.net/#/product/a4fcaa1c-4195-4cf2-a86d-eff58b630fb6,,Wooden Dresser,furniture,dressers,This ideal dresser has lots of drawers to organize all your items,,208.99,http://d4gg7osqby27r.cloudfront.net/images/furniture/a4fcaa1c-4195-4cf2-a86d-eff58b630fb6.jpg,,19,
fdeba818-2269-4cf1-81c8-29fc8d984e6c,http://d4gg7osqby27r.cloudfront.net/#/product/fdeba818-2269-4cf1-81c8-29fc8d984e6c,,Dark Slate Gray Sneakers,footwear,sneaker,Swell pair of dark slate gray sneakers to explore in the city,,70.99,http://d4gg7osqby27r.cloudfront.net/images/footwear/fdeba818-2269-4cf1-81c8-29fc8d984e6c.jpg,M,19,
4f566f59-4400-437a-803e-88f81b303eec,http://d4gg7osqby27r.cloudfront.net/#/product/4f566f59-4400-437a-803e-88f81b303eec,,Rosy-Brown Dining Table,furniture,tables,This definitive rosy-brown dining table will delight everyone,,183.99,http://d4gg7osqby27r.cloudfront.net/images/furniture/4f566f59-4400-437a-803e-88f81b303eec.jpg,,16,
4064a5eb-2183-4b89-8989-b8741e4dcb1c,http://d4gg7osqby27r.cloudfront.net/#/product/4064a5eb-2183-4b89-8989-b8741e4dcb1c,,Light Steel Blue Shirt,apparel,shirt,Light Steel Blue casual shirt for men,,119.99,http://d4gg7osqby27r.cloudfront.net/images/apparel/4064a5eb-2183-4b89-8989-b8741e4dcb1c.jpg,M,11,
6bd26ffc-9fae-447b-a23c-fcb14187302a,http://d4gg7osqby27r.cloudfront.net/#/product/6bd26ffc-9fae-447b-a23c-fcb14187302a,,Glass Vase,homedecor,decorative,This glass vase is a must-have for your home decor,,22.99,http://d4gg7osqby27r.cloudfront.net/images/homedecor/6bd26ffc-9fae-447b-a23c-fcb14187302a.jpg,,13,
31b83eb4-bd8a-4b5a-87ff-f52abe6aa1f4,http://d4gg7osqby27r.cloudfront.net/#/product/31b83eb4-bd8a-4b5a-87ff-f52abe6aa1f4,,Sparkly Heels,footwear,formal,Pair of sparkly heels for women,,9.99,http://d4gg7osqby27r.cloudfront.net/images/footwear/31b83eb4-bd8a-4b5a-87ff-f52abe6aa1f4.jpg,F,12,
4a43c5f7-090c-4cce-93fe-36062539ec38,http://d4gg7osqby27r.cloudfront.net/#/product/4a43c5f7-090c-4cce-93fe-36062539ec38,,Christmas Ornament,seasonal,christmas,A must-have for the holidays,,67.99,http://d4gg7osqby27r.cloudfront.net/images/seasonal/4a43c5f7-090c-4cce-93fe-36062539ec38.jpg,,10,
6dc07033-24b9-4467-bd32-31a2e9ccb404,http://d4gg7osqby27r.cloudfront.net/#/product/6dc07033-24b9-4467-bd32-31a2e9ccb404,,Dandyish Bracelet,jewelry,bracelet,Dandyish bracelet for men,,105.99,http://d4gg7osqby27r.cloudfront.net/images/jewelry/6dc07033-24b9-4467-bd32-31a2e9ccb404.jpg,M,8,
1fd2dbd0-c0a4-40f7-b7f7-94c0d94a751d,http://d4gg7osqby27r.cloudfront.net/#/product/1fd2dbd0-c0a4-40f7-b7f7-94c0d94a751d,,Light Gray Office Chair,furniture,chairs,Increase your productivity with this comfy light gray office chair,,129.99,http://d4gg7osqby27r.cloudfront.net/images/furniture/1fd2dbd0-c0a4-40f7-b7f7-94c0d94a751d.jpg,,8,
af51e84d-4043-4a11-88de-8233129ac8b2,http://d4gg7osqby27r.cloudfront.net/#/product/af51e84d-4043-4a11-88de-8233129ac8b2,,Light Gray Work Table,furniture,tables,Increase your productivity with this unrivaled light gray worktable,,225.99,http://d4gg7osqby27r.cloudfront.net/images/furniture/af51e84d-4043-4a11-88de-8233129ac8b2.jpg,,14,
ca25b000-2e61-4d1d-b4f5-02263bb3e93f,http://d4gg7osqby27r.cloudfront.net/#/product/ca25b000-2e61-4d1d-b4f5-02263bb3e93f,,Nude Heels,footwear,formal,Pair of nude heels for women,,9.99,http://d4gg7osqby27r.cloudfront.net/images/footwear/ca25b000-2e61-4d1d-b4f5-02263bb3e93f.jpg,F,15,
a5a8b97e-8464-4da5-ab78-3531e5d313df,http://d4gg7osqby27r.cloudfront.net/#/product/a5a8b97e-8464-4da5-ab78-3531e5d313df,,Groovy Glasses,accessories,glasses,Groovy glasses for men,,90.99,http://d4gg7osqby27r.cloudfront.net/images/accessories/a5a8b97e-8464-4da5-ab78-3531e5d313df.jpg,M,12,
434b62f5-08ac-47c8-9847-bdfcb7283f08,http://d4gg7osqby27r.cloudfront.net/#/product/434b62f5-08ac-47c8-9847-bdfcb7283f08,,Classy Bracelet,jewelry,bracelet,This classy bracelet for women will turn heads,,92.99,http://d4gg7osqby27r.cloudfront.net/images/jewelry/434b62f5-08ac-47c8-9847-bdfcb7283f08.jpg,F,16,
812b315c-fb4b-4103-8911-95968f9cc6c0,http://d4gg7osqby27r.cloudfront.net/#/product/812b315c-fb4b-4103-8911-95968f9cc6c0,,Christmas Wreath,seasonal,christmas,A must-have for the holidays,,115.99,http://d4gg7osqby27r.cloudfront.net/images/seasonal/812b315c-fb4b-4103-8911-95968f9cc6c0.jpg,,17,
856b01b1-5353-4e82-b11c-41088302e6d8,http://d4gg7osqby27r.cloudfront.net/#/product/856b01b1-5353-4e82-b11c-41088302e6d8,,Sans Pareil Scarf,apparel,scarf,Sans pareil scarf for women,,125.99,http://d4gg7osqby27r.cloudfront.net/images/apparel/856b01b1-5353-4e82-b11c-41088302e6d8.jpg,F,13,
21f1a41e-ce2f-4cf5-9aee-e81e9b79c814,http://d4gg7osqby27r.cloudfront.net/#/product/21f1a41e-ce2f-4cf5-9aee-e81e9b79c814,,Dark Slate Gray Chair,furniture,chairs,Enjoy this soft dark slate gray dining chair,,170.99,http://d4gg7osqby27r.cloudfront.net/images/furniture/21f1a41e-ce2f-4cf5-9aee-e81e9b79c814.jpg,,9,
bb80331b-7da8-4edc-a797-e1d462c14e82,http://d4gg7osqby27r.cloudfront.net/#/product/bb80331b-7da8-4edc-a797-e1d462c14e82,,Black And White Sneakers,footwear,sneaker,Trendy pair of black and white sneakers to explore in the neighborhood,,219.99,http://d4gg7osqby27r.cloudfront.net/images/footwear/bb80331b-7da8-4edc-a797-e1d462c14e82.jpg,M,7,
f1e0660b-53db-4e9a-a86a-8a990d6b2988,http://d4gg7osqby27r.cloudfront.net/#/product/f1e0660b-53db-4e9a-a86a-8a990d6b2988,,Christmas Figurines,seasonal,christmas,A favorite for the holidays,,105.99,http://d4gg7osqby27r.cloudfront.net/images/seasonal/f1e0660b-53db-4e9a-a86a-8a990d6b2988.jpg,,8,
15a367e4-4039-432a-b16e-562e3d02f3db,http://d4gg7osqby27r.cloudfront.net/#/product/15a367e4-4039-432a-b16e-562e3d02f3db,,Easter Decoration,seasonal,easter,A must-have for April,,47.99,http://d4gg7osqby27r.cloudfront.net/images/seasonal/15a367e4-4039-432a-b16e-562e3d02f3db.jpg,,16,
73377697-7108-4d8f-9ee1-72603dc4ece9,http://d4gg7osqby27r.cloudfront.net/#/product/73377697-7108-4d8f-9ee1-72603dc4ece9,,Dark Olive Green Coat,apparel,jacket,Well-insulated casual coat for men for winter,,159.99,http://d4gg7osqby27r.cloudfront.net/images/apparel/73377697-7108-4d8f-9ee1-72603dc4ece9.jpg,M,6,
7186f66d-c305-4b61-b966-80d0c1e003b9,http://d4gg7osqby27r.cloudfront.net/#/product/7186f66d-c305-4b61-b966-80d0c1e003b9,,Frame,homedecor,decorative,This frame is a must-have for your home decor,,15.99,http://d4gg7osqby27r.cloudfront.net/images/homedecor/7186f66d-c305-4b61-b966-80d0c1e003b9.jpg,,8,
dc073623-4b95-47d9-93cb-0171c20baa04,http://d4gg7osqby27r.cloudfront.net/#/product/dc073623-4b95-47d9-93cb-0171c20baa04,,Groovy Glasses,accessories,glasses,These groovy glasses for women are perfect everywhere,,131.99,http://d4gg7osqby27r.cloudfront.net/images/accessories/dc073623-4b95-47d9-93cb-0171c20baa04.jpg,F,17,
58b3efdc-79bf-4163-9f4e-38f0833304a8,http://d4gg7osqby27r.cloudfront.net/#/product/58b3efdc-79bf-4163-9f4e-38f0833304a8,,Black Sofa,furniture,sofas,This fancy black sofa will be the highlight of any room,,750.99,http://d4gg7osqby27r.cloudfront.net/images/furniture/58b3efdc-79bf-4163-9f4e-38f0833304a8.jpg,,9,
39832066-ba59-4dc6-8aca-80ca36d4c92c,http://d4gg7osqby27r.cloudfront.net/#/product/39832066-ba59-4dc6-8aca-80ca36d4c92c,,Christmas Wreath,seasonal,christmas,A favorite for the holidays,,146.99,http://d4gg7osqby27r.cloudfront.net/images/seasonal/39832066-ba59-4dc6-8aca-80ca36d4c92c.jpg,,17,
8bdfaf9c-4ff6-46bc-a304-33db265f36ef,http://d4gg7osqby27r.cloudfront.net/#/product/8bdfaf9c-4ff6-46bc-a304-33db265f36ef,,Classic Ceramic Bowl,housewares,bowls,This classic ceramic bowl is a must-have,,51.99,http://d4gg7osqby27r.cloudfront.net/images/housewares/8bdfaf9c-4ff6-46bc-a304-33db265f36ef.jpg,,12,
bde65f09-635c-4293-97c0-063d101f9efe,http://d4gg7osqby27r.cloudfront.net/#/product/bde65f09-635c-4293-97c0-063d101f9efe,,Dodger Blue Jacket,apparel,jacket,Warm all seasons casual jacket for men,,119.99,http://d4gg7osqby27r.cloudfront.net/images/apparel/bde65f09-635c-4293-97c0-063d101f9efe.jpg,M,8,
6f572e38-61df-4469-be05-b3ad2950a895,http://d4gg7osqby27r.cloudfront.net/#/product/6f572e38-61df-4469-be05-b3ad2950a895,,Lemons,groceries,fruits,Make sure to have your fresh dose of vitamin C every day,,2.99,http://d4gg7osqby27r.cloudfront.net/images/groceries/6f572e38-61df-4469-be05-b3ad2950a895.jpg,,6,
45984cee-39f4-4977-83ff-c9246dfb1d82,http://d4gg7osqby27r.cloudfront.net/#/product/45984cee-39f4-4977-83ff-c9246dfb1d82,,Christmas Figurines,seasonal,christmas,A must-have for the holidays,,131.99,http://d4gg7osqby27r.cloudfront.net/images/seasonal/45984cee-39f4-4977-83ff-c9246dfb1d82.jpg,,12,
c02e9ebe-eb65-4a03-9078-e4faf330ddd0,http://d4gg7osqby27r.cloudfront.net/#/product/c02e9ebe-eb65-4a03-9078-e4faf330ddd0,,Wheat Hue Work Table,furniture,tables,Increase your productivity with this unparalleled wheat hue worktable,,320.99,http://d4gg7osqby27r.cloudfront.net/images/furniture/c02e9ebe-eb65-4a03-9078-e4faf330ddd0.jpg,,6,
8484c198-4d0c-4c15-9805-db81ea8d705a,http://d4gg7osqby27r.cloudfront.net/#/product/8484c198-4d0c-4c15-9805-db81ea8d705a,,Yellow Cushion Set,homedecor,cushion,This yellow set of cushions is very nice,,59.99,http://d4gg7osqby27r.cloudfront.net/images/homedecor/8484c198-4d0c-4c15-9805-db81ea8d705a.jpg,,18,
ec02b332-05a5-40dd-ae9d-2b0672baaa6e,http://d4gg7osqby27r.cloudfront.net/#/product/ec02b332-05a5-40dd-ae9d-2b0672baaa6e,,Visit Japan,books,travel,Plan your next trip with this essential reference book on Japan,,15.99,http://d4gg7osqby27r.cloudfront.net/images/books/ec02b332-05a5-40dd-ae9d-2b0672baaa6e.jpg,,6,
7d6e50fb-c941-4f1e-b97d-612f627a271a,http://d4gg7osqby27r.cloudfront.net/#/product/7d6e50fb-c941-4f1e-b97d-612f627a271a,,Dark Gray Square Cushion,homedecor,cushion,This dark gray square cushion is a must-have for your house,,37.99,http://d4gg7osqby27r.cloudfront.net/images/homedecor/7d6e50fb-c941-4f1e-b97d-612f627a271a.jpg,,17,
3eba60d7-fbde-4f4d-bb3a-30df62057fe0,http://d4gg7osqby27r.cloudfront.net/#/product/3eba60d7-fbde-4f4d-bb3a-30df62057fe0,,Ultracool Belt,accessories,belt,Ultracool belt for all occasions,,64.99,http://d4gg7osqby27r.cloudfront.net/images/accessories/3eba60d7-fbde-4f4d-bb3a-30df62057fe0.jpg,M,19,
7833c1b0-4ee2-45f8-b9e6-a3a5ed20183f,http://d4gg7osqby27r.cloudfront.net/#/product/7833c1b0-4ee2-45f8-b9e6-a3a5ed20183f,,Outstanding Necklace,jewelry,necklace,Outstanding necklace for women,,97.99,http://d4gg7osqby27r.cloudfront.net/images/jewelry/7833c1b0-4ee2-45f8-b9e6-a3a5ed20183f.jpg,F,7,
4992fa6d-03f3-4e30-9f0e-bff69a4fb67d,http://d4gg7osqby27r.cloudfront.net/#/product/4992fa6d-03f3-4e30-9f0e-bff69a4fb67d,,Light Slate Gray Heel,footwear,formal,Pair of light slate gray heels for women,,9.99,http://d4gg7osqby27r.cloudfront.net/images/footwear/4992fa6d-03f3-4e30-9f0e-bff69a4fb67d.jpg,F,16,
6177b0fb-944b-41da-87ea-f0d643ed1953,http://d4gg7osqby27r.cloudfront.net/#/product/6177b0fb-944b-41da-87ea-f0d643ed1953,,Christmas Ornament,seasonal,christmas,A must-have for the holidays,,66.99,http://d4gg7osqby27r.cloudfront.net/images/seasonal/6177b0fb-944b-41da-87ea-f0d643ed1953.jpg,,6,
e7af1dbd-4ab2-4201-b70f-1a52e4ea9250,http://d4gg7osqby27r.cloudfront.net/#/product/e7af1dbd-4ab2-4201-b70f-1a52e4ea9250,,Brown Shoes,footwear,formal,Pair of brown formal shoes for men,,9.99,http://d4gg7osqby27r.cloudfront.net/images/footwear/e7af1dbd-4ab2-4201-b70f-1a52e4ea9250.jpg,M,6,
9bfae0e7-27ee-497a-b853-e663578417e7,http://d4gg7osqby27r.cloudfront.net/#/product/9bfae0e7-27ee-497a-b853-e663578417e7,,Green Beans,groceries,vegetables,Keep your pantry well stocked with this tasty and polyvalent veggie,,6.99,http://d4gg7osqby27r.cloudfront.net/images/groceries/9bfae0e7-27ee-497a-b853-e663578417e7.jpg,,15,
0451dee1-8367-4bf7-95a8-1e96c4f96784,http://d4gg7osqby27r.cloudfront.net/#/product/0451dee1-8367-4bf7-95a8-1e96c4f96784,,Funky Scarf,apparel,scarf,Funky scarf for men,,87.99,http://d4gg7osqby27r.cloudfront.net/images/apparel/0451dee1-8367-4bf7-95a8-1e96c4f96784.jpg,M,15,
da1f2a8f-5372-4102-b357-9e40900ebb08,http://d4gg7osqby27r.cloudfront.net/#/product/da1f2a8f-5372-4102-b357-9e40900ebb08,,Red Backpack,accessories,backpack,This red backpack for women is first-class for the season,,148.99,http://d4gg7osqby27r.cloudfront.net/images/accessories/da1f2a8f-5372-4102-b357-9e40900ebb08.jpg,F,10,
65921948-81ea-4075-8649-4c9de10f5525,http://d4gg7osqby27r.cloudfront.net/#/product/65921948-81ea-4075-8649-4c9de10f5525,,Cool Belt,accessories,belt,Cool belt for all occasions,,58.99,http://d4gg7osqby27r.cloudfront.net/images/accessories/65921948-81ea-4075-8649-4c9de10f5525.jpg,M,19,
d075a8b0-003f-4493-8063-857020a617b7,http://d4gg7osqby27r.cloudfront.net/#/product/d075a8b0-003f-4493-8063-857020a617b7,,Hanging Lamp,homedecor,lighting,This hanging lamp is a must-have for the lighting of your home,,49.99,http://d4gg7osqby27r.cloudfront.net/images/homedecor/d075a8b0-003f-4493-8063-857020a617b7.jpg,,17,
2cb36a55-d238-45cf-a3ac-8e2cdf187c43,http://d4gg7osqby27r.cloudfront.net/#/product/2cb36a55-d238-45cf-a3ac-8e2cdf187c43,,Voguish Socks,apparel,socks,Voguish and colorful socks,,12.99,http://d4gg7osqby27r.cloudfront.net/images/apparel/2cb36a55-d238-45cf-a3ac-8e2cdf187c43.jpg,F,19,
f3d4fa81-45cc-43f8-ac18-7c721765ff1a,http://d4gg7osqby27r.cloudfront.net/#/product/f3d4fa81-45cc-43f8-ac18-7c721765ff1a,,Acoustic Drum,instruments,percussion,This acoustic drum is perfect for amateur and professional musicians,,98.99,http://d4gg7osqby27r.cloudfront.net/images/instruments/f3d4fa81-45cc-43f8-ac18-7c721765ff1a.jpg,,9,
47a6ceba-b467-43cb-aac8-b9eb95e3740a,http://d4gg7osqby27r.cloudfront.net/#/product/47a6ceba-b467-43cb-aac8-b9eb95e3740a,,White Sneakers,footwear,sneaker,This swell pair of white sneakers is perfect for exploring in the city,,189.99,http://d4gg7osqby27r.cloudfront.net/images/footwear/47a6ceba-b467-43cb-aac8-b9eb95e3740a.jpg,M,19,
aa94f33d-f5bd-401a-a203-6d757a2a2030,http://d4gg7osqby27r.cloudfront.net/#/product/aa94f33d-f5bd-401a-a203-6d757a2a2030,,Funky Necklace,jewelry,necklace,Funky necklace for women for any occasion,,169.99,http://d4gg7osqby27r.cloudfront.net/images/jewelry/aa94f33d-f5bd-401a-a203-6d757a2a2030.jpg,F,10,
c4a3ded4-0004-49dd-9f98-542bb6d71f2c,http://d4gg7osqby27r.cloudfront.net/#/product/c4a3ded4-0004-49dd-9f98-542bb6d71f2c,,Groovy Earrings,jewelry,earrings,Groovy earrings for men,,103.99,http://d4gg7osqby27r.cloudfront.net/images/jewelry/c4a3ded4-0004-49dd-9f98-542bb6d71f2c.jpg,M,19,
9f4faccf-39f6-4ee8-9ec9-5f818c8e7452,http://d4gg7osqby27r.cloudfront.net/#/product/9f4faccf-39f6-4ee8-9ec9-5f818c8e7452,,Peru-Orange Sofa,furniture,sofas,This fancy peru-orange sofa will be the highlight of any room,,974.99,http://d4gg7osqby27r.cloudfront.net/images/furniture/9f4faccf-39f6-4ee8-9ec9-5f818c8e7452.jpg,,6,
704532b6-1007-476b-86ee-0258f28edc49,http://d4gg7osqby27r.cloudfront.net/#/product/704532b6-1007-476b-86ee-0258f28edc49,,Ultracool Watch,accessories,watch,This ultracool watch for men is unparalleled everyday,,145.99,http://d4gg7osqby27r.cloudfront.net/images/accessories/704532b6-1007-476b-86ee-0258f28edc49.jpg,M,13,
296d144e-7f86-464b-9c5a-f545257f1700,http://d4gg7osqby27r.cloudfront.net/#/product/296d144e-7f86-464b-9c5a-f545257f1700,,Black Backpack,accessories,backpack,This black backpack for women is first-class for the season,,144.99,http://d4gg7osqby27r.cloudfront.net/images/accessories/296d144e-7f86-464b-9c5a-f545257f1700.jpg,F,11,
9c05f815-7ecf-4054-9132-7f47455d3a43,http://d4gg7osqby27r.cloudfront.net/#/product/9c05f815-7ecf-4054-9132-7f47455d3a43,,Swell Belt,accessories,belt,Swell belt for women,,25.99,http://d4gg7osqby27r.cloudfront.net/images/accessories/9c05f815-7ecf-4054-9132-7f47455d3a43.jpg,F,12,
229465fa-a602-4ba5-8c9c-646ca57e646a,http://d4gg7osqby27r.cloudfront.net/#/product/229465fa-a602-4ba5-8c9c-646ca57e646a,,Christmas Ornament,seasonal,christmas,A must-have for the holidays,,76.99,http://d4gg7osqby27r.cloudfront.net/images/seasonal/229465fa-a602-4ba5-8c9c-646ca57e646a.jpg,,17,
e66109bf-9ad5-430a-90e5-900c00119f39,http://d4gg7osqby27r.cloudfront.net/#/product/e66109bf-9ad5-430a-90e5-900c00119f39,,Dutch Oven,housewares,kitchen,Definitive for every kitchen,,52.99,http://d4gg7osqby27r.cloudfront.net/images/housewares/e66109bf-9ad5-430a-90e5-900c00119f39.jpg,,6,
589823cc-89f2-4bd5-8cab-e89478f530ea,http://d4gg7osqby27r.cloudfront.net/#/product/589823cc-89f2-4bd5-8cab-e89478f530ea,,Thai Cuisine,books,cooking,Learn to cook Thai cuisine with these easy recipes,,47.99,http://d4gg7osqby27r.cloudfront.net/images/books/589823cc-89f2-4bd5-8cab-e89478f530ea.jpg,,14,
e8b08d94-751c-4334-8ced-799bf907149e,http://d4gg7osqby27r.cloudfront.net/#/product/e8b08d94-751c-4334-8ced-799bf907149e,,Christmas Wreath,seasonal,christmas,A must-have for the holidays,,137.99,http://d4gg7osqby27r.cloudfront.net/images/seasonal/e8b08d94-751c-4334-8ced-799bf907149e.jpg,,17,
89b22997-f0a4-4846-9683-2d10f65bb45a,http://d4gg7osqby27r.cloudfront.net/#/product/89b22997-f0a4-4846-9683-2d10f65bb45a,,Hammer,tools,hammer,This hammer is a must-have for your toolbox,,16.99,http://d4gg7osqby27r.cloudfront.net/images/tools/89b22997-f0a4-4846-9683-2d10f65bb45a.jpg,,13,
d6c66a35-d63a-455e-a26e-62a72d1db254,http://d4gg7osqby27r.cloudfront.net/#/product/d6c66a35-d63a-455e-a26e-62a72d1db254,,Everyday Glass,housewares,kitchen,A must-have for your kitchen,,65.99,http://d4gg7osqby27r.cloudfront.net/images/housewares/d6c66a35-d63a-455e-a26e-62a72d1db254.jpg,,14,
370d4c36-44ed-4abd-8ccb-41d85b4251c9,http://d4gg7osqby27r.cloudfront.net/#/product/370d4c36-44ed-4abd-8ccb-41d85b4251c9,,Supercool Shirt,apparel,shirt,Supercool dressy shirt for men,,206.99,http://d4gg7osqby27r.cloudfront.net/images/apparel/370d4c36-44ed-4abd-8ccb-41d85b4251c9.jpg,M,10,
cc09417b-a314-4752-9790-dd789d2d24f4,http://d4gg7osqby27r.cloudfront.net/#/product/cc09417b-a314-4752-9790-dd789d2d24f4,,Stylish Ceramic Bowl,housewares,bowls,Stylish ceramic bowl for every occasion,,25.99,http://d4gg7osqby27r.cloudfront.net/images/housewares/cc09417b-a314-4752-9790-dd789d2d24f4.jpg,,13,
b4891f1e-b0b0-453f-b991-911dc0fda074,http://d4gg7osqby27r.cloudfront.net/#/product/b4891f1e-b0b0-453f-b991-911dc0fda074,,Valentine Candies,seasonal,valentine,A must-have for that special day,,23.99,http://d4gg7osqby27r.cloudfront.net/images/seasonal/b4891f1e-b0b0-453f-b991-911dc0fda074.jpg,,13,
e2ea5f0e-7c91-4d51-89e2-a06afc5e939b,http://d4gg7osqby27r.cloudfront.net/#/product/e2ea5f0e-7c91-4d51-89e2-a06afc5e939b,,Dark Slate Gray Jacket,apparel,jacket,Well-insulated casual jacket for men for all seasons,,163.99,http://d4gg7osqby27r.cloudfront.net/images/apparel/e2ea5f0e-7c91-4d51-89e2-a06afc5e939b.jpg,M,17,
c7ed1688-5cb8-463d-b0d3-2af518c6146c,http://d4gg7osqby27r.cloudfront.net/#/product/c7ed1688-5cb8-463d-b0d3-2af518c6146c,,Dark Gray Armchair,furniture,chairs,Edgy dark gray armchair for any room,,148.99,http://d4gg7osqby27r.cloudfront.net/images/furniture/c7ed1688-5cb8-463d-b0d3-2af518c6146c.jpg,,11,
aa4fca9d-d1ef-4529-9169-7bc075733bd5,http://d4gg7osqby27r.cloudfront.net/#/product/aa4fca9d-d1ef-4529-9169-7bc075733bd5,,Halloween Sign,seasonal,halloween,Be sure to order early in October,,25.99,http://d4gg7osqby27r.cloudfront.net/images/seasonal/aa4fca9d-d1ef-4529-9169-7bc075733bd5.jpg,,10,
7a373422-fc33-4e71-959f-99998d0b7686,http://d4gg7osqby27r.cloudfront.net/#/product/7a373422-fc33-4e71-959f-99998d0b7686,,Dark Slate Gray Sofa,furniture,sofas,Ideal dark slate gray sofa for any room,,880.99,http://d4gg7osqby27r.cloudfront.net/images/furniture/7a373422-fc33-4e71-959f-99998d0b7686.jpg,,15,
aa564ee3-67ef-4428-8ad9-fe785a0fff63,http://d4gg7osqby27r.cloudfront.net/#/product/aa564ee3-67ef-4428-8ad9-fe785a0fff63,,Screwdriver,tools,screwdriver,This screwdriver is a must-have for your toolbox,,7.99,http://d4gg7osqby27r.cloudfront.net/images/tools/aa564ee3-67ef-4428-8ad9-fe785a0fff63.jpg,,17,
c60a61d0-d9c3-4336-88f0-aaef40a8d3e6,http://d4gg7osqby27r.cloudfront.net/#/product/c60a61d0-d9c3-4336-88f0-aaef40a8d3e6,,Camping Compass,outdoors,camping,This camping compass is essential in the wilderness,,10.99,http://d4gg7osqby27r.cloudfront.net/images/outdoors/c60a61d0-d9c3-4336-88f0-aaef40a8d3e6.jpg,,10,
b1eb4959-3cf7-4e0b-9473-24d0f900b0ab,http://d4gg7osqby27r.cloudfront.net/#/product/b1eb4959-3cf7-4e0b-9473-24d0f900b0ab,,Unequaled Fishing Hooks,outdoors,fishing,Unequaled fishing hooks for every pole,,109.99,http://d4gg7osqby27r.cloudfront.net/images/outdoors/b1eb4959-3cf7-4e0b-9473-24d0f900b0ab.jpg,,10,
7aba3399-b868-4dad-a2fd-05c170aa4232,http://d4gg7osqby27r.cloudfront.net/#/product/7aba3399-b868-4dad-a2fd-05c170aa4232,,Sparky Heels,footwear,formal,Pair of sparkly heels for women,,9.99,http://d4gg7osqby27r.cloudfront.net/images/footwear/7aba3399-b868-4dad-a2fd-05c170aa4232.jpg,F,6,
87807a95-ee08-4a17-9a79-af93c7ccd1b5,http://d4gg7osqby27r.cloudfront.net/#/product/87807a95-ee08-4a17-9a79-af93c7ccd1b5,,Strawberry Cake,groceries,bakery,This flavorful strawberry cake will delight everyone,,12.99,http://d4gg7osqby27r.cloudfront.net/images/groceries/87807a95-ee08-4a17-9a79-af93c7ccd1b5.jpg,,13,
9a393431-2a27-4bb5-97fd-74ab904cec03,http://d4gg7osqby27r.cloudfront.net/#/product/9a393431-2a27-4bb5-97fd-74ab904cec03,,Trendy Sandals,footwear,sandals,Trendy pair of sandals for women,,9.99,http://d4gg7osqby27r.cloudfront.net/images/footwear/9a393431-2a27-4bb5-97fd-74ab904cec03.jpg,F,6,
5ca334e8-5ae0-4935-b797-9b392dd4d0d9,http://d4gg7osqby27r.cloudfront.net/#/product/5ca334e8-5ae0-4935-b797-9b392dd4d0d9,,Hot Pink Shoes,footwear,formal,Pair of hot pink formal shoes for women,,9.99,http://d4gg7osqby27r.cloudfront.net/images/footwear/5ca334e8-5ae0-4935-b797-9b392dd4d0d9.jpg,F,14,
83095a08-2968-4275-a375-4fab404df7ac,http://d4gg7osqby27r.cloudfront.net/#/product/83095a08-2968-4275-a375-4fab404df7ac,,Razor,beauty,grooming,Razor for every bathroom,,62.99,http://d4gg7osqby27r.cloudfront.net/images/beauty/83095a08-2968-4275-a375-4fab404df7ac.jpg,M,19,
2b8f89d0-4078-4701-8aac-89c48d8ba392,http://d4gg7osqby27r.cloudfront.net/#/product/2b8f89d0-4078-4701-8aac-89c48d8ba392,,Christmas Wreath,seasonal,christmas,A must-have for the holidays,,114.99,http://d4gg7osqby27r.cloudfront.net/images/seasonal/2b8f89d0-4078-4701-8aac-89c48d8ba392.jpg,,9,
b2acb802-2873-4604-87ae-4f01f1dafb80,http://d4gg7osqby27r.cloudfront.net/#/product/b2acb802-2873-4604-87ae-4f01f1dafb80,,Dark Slate Gray Coat,apparel,jacket,Well-insulated casual coat for men for the mountains,,84.99,http://d4gg7osqby27r.cloudfront.net/images/apparel/b2acb802-2873-4604-87ae-4f01f1dafb80.jpg,M,12,
44193a01-20c1-4a97-896f-97940ec25ea6,http://d4gg7osqby27r.cloudfront.net/#/product/44193a01-20c1-4a97-896f-97940ec25ea6,,Black Shirt,apparel,shirt,Black casual shirt for men,,189.99,http://d4gg7osqby27r.cloudfront.net/images/apparel/44193a01-20c1-4a97-896f-97940ec25ea6.jpg,M,18,
db4f21bd-9abf-4213-81ab-30360979884d,http://d4gg7osqby27r.cloudfront.net/#/product/db4f21bd-9abf-4213-81ab-30360979884d,,Christmas Figurines,seasonal,christmas,A favorite for the holidays,,92.99,http://d4gg7osqby27r.cloudfront.net/images/seasonal/db4f21bd-9abf-4213-81ab-30360979884d.jpg,,10,
c11354c7-a2fa-489d-9850-1ce5dcebeec5,http://d4gg7osqby27r.cloudfront.net/#/product/c11354c7-a2fa-489d-9850-1ce5dcebeec5,,Cool Glasses,accessories,glasses,Cool glasses for men,,143.99,http://d4gg7osqby27r.cloudfront.net/images/accessories/c11354c7-a2fa-489d-9850-1ce5dcebeec5.jpg,M,13,
7d676725-83fd-47a4-bd64-8acbed6a5e74,http://d4gg7osqby27r.cloudfront.net/#/product/7d676725-83fd-47a4-bd64-8acbed6a5e74,,Dark Slate Gray Coat,apparel,jacket,Well-insulated casual coat for men for the mountains,,196.99,http://d4gg7osqby27r.cloudfront.net/images/apparel/7d676725-83fd-47a4-bd64-8acbed6a5e74.jpg,M,7,
c3475696-e060-4672-990d-99594ed8217a,http://d4gg7osqby27r.cloudfront.net/#/product/c3475696-e060-4672-990d-99594ed8217a,,Christmas Wreath,seasonal,christmas,A favorite for the holidays,,56.99,http://d4gg7osqby27r.cloudfront.net/images/seasonal/c3475696-e060-4672-990d-99594ed8217a.jpg,,11,
4645c8af-8437-4380-b4e4-ef6f8b0f67b4,http://d4gg7osqby27r.cloudfront.net/#/product/4645c8af-8437-4380-b4e4-ef6f8b0f67b4,,Table Lamp,homedecor,lighting,This table lamp will enhance your home,,53.99,http://d4gg7osqby27r.cloudfront.net/images/homedecor/4645c8af-8437-4380-b4e4-ef6f8b0f67b4.jpg,,13,
b41f8f1f-3874-4fa9-8a6e-d9b65a2902df,http://d4gg7osqby27r.cloudfront.net/#/product/b41f8f1f-3874-4fa9-8a6e-d9b65a2902df,,Swell Bracelet,jewelry,bracelet,A swell bracelet for men,,94.99,http://d4gg7osqby27r.cloudfront.net/images/jewelry/b41f8f1f-3874-4fa9-8a6e-d9b65a2902df.jpg,M,17,
26b2bda2-9397-4d0c-b5bb-9190dbba3acb,http://d4gg7osqby27r.cloudfront.net/#/product/26b2bda2-9397-4d0c-b5bb-9190dbba3acb,,Television,electronics,television,This television is perfect for every room,,377.99,http://d4gg7osqby27r.cloudfront.net/images/electronics/26b2bda2-9397-4d0c-b5bb-9190dbba3acb.jpg,,10,
5395050a-b064-421f-9023-a269749bda4b,http://d4gg7osqby27r.cloudfront.net/#/product/5395050a-b064-421f-9023-a269749bda4b,,Light Gray Dresser,furniture,dressers,This outstanding dresser has lots of drawers to organize all your items,,290.99,http://d4gg7osqby27r.cloudfront.net/images/furniture/5395050a-b064-421f-9023-a269749bda4b.jpg,,18,
cd1a0228-7d3d-4782-a1fb-c1e99bc939b3,http://d4gg7osqby27r.cloudfront.net/#/product/cd1a0228-7d3d-4782-a1fb-c1e99bc939b3,,Christmas Lights,seasonal,christmas,A favorite for the holidays,,54.99,http://d4gg7osqby27r.cloudfront.net/images/seasonal/cd1a0228-7d3d-4782-a1fb-c1e99bc939b3.jpg,,12,
a7aeba8c-1feb-4f9c-94d8-031612c55fb8,http://d4gg7osqby27r.cloudfront.net/#/product/a7aeba8c-1feb-4f9c-94d8-031612c55fb8,,Visit Russia,books,travel,Plan your next trip with this essential reference book on Russia,,15.99,http://d4gg7osqby27r.cloudfront.net/images/books/a7aeba8c-1feb-4f9c-94d8-031612c55fb8.jpg,,14,
f7d6519f-eba5-4b05-945c-a861d580c99b,http://d4gg7osqby27r.cloudfront.net/#/product/f7d6519f-eba5-4b05-945c-a861d580c99b,,Roses Arrangement,floral,arrangement,Roses arrangement grown sustainably on our organic farms,,131.99,http://d4gg7osqby27r.cloudfront.net/images/floral/f7d6519f-eba5-4b05-945c-a861d580c99b.jpg,,9,
59719e89-9677-4201-8aad-fb0157bbd30c,http://d4gg7osqby27r.cloudfront.net/#/product/59719e89-9677-4201-8aad-fb0157bbd30c,,Light Gray Armchair,furniture,chairs,Relax in this comfy light gray armchair,,205.99,http://d4gg7osqby27r.cloudfront.net/images/furniture/59719e89-9677-4201-8aad-fb0157bbd30c.jpg,,12,
d0062fa5-02b3-4c94-be9f-2fdafa7cde2d,http://d4gg7osqby27r.cloudfront.net/#/product/d0062fa5-02b3-4c94-be9f-2fdafa7cde2d,,Gainsboro Backpack,accessories,backpack,This gainsboro backpack is definitive for the season,,145.99,http://d4gg7osqby27r.cloudfront.net/images/accessories/d0062fa5-02b3-4c94-be9f-2fdafa7cde2d.jpg,,9,
543d28a2-c1f0-42bd-87c1-de4d9b546b9e,http://d4gg7osqby27r.cloudfront.net/#/product/543d28a2-c1f0-42bd-87c1-de4d9b546b9e,,Easter Chocolate Egg,seasonal,easter,A favorite for early April,,57.99,http://d4gg7osqby27r.cloudfront.net/images/seasonal/543d28a2-c1f0-42bd-87c1-de4d9b546b9e.jpg,,8,
277b9636-f9d4-46f7-9910-6a794f478740,http://d4gg7osqby27r.cloudfront.net/#/product/277b9636-f9d4-46f7-9910-6a794f478740,,Wrench,tools,wrench,This wrench is a must-have for your toolbox,,20.99,http://d4gg7osqby27r.cloudfront.net/images/tools/277b9636-f9d4-46f7-9910-6a794f478740.jpg,,13,
b884792f-6c44-478e-ae0b-eae89f284f3b,http://d4gg7osqby27r.cloudfront.net/#/product/b884792f-6c44-478e-ae0b-eae89f284f3b,,Faultless Headphones,electronics,headphones,This faultless pair of headphones is ideal in clarity,,114.99,http://d4gg7osqby27r.cloudfront.net/images/electronics/b884792f-6c44-478e-ae0b-eae89f284f3b.jpg,,6,
d08a900a-211d-4020-8d8b-b36659ecae7c,http://d4gg7osqby27r.cloudfront.net/#/product/d08a900a-211d-4020-8d8b-b36659ecae7c,,Valentine Decorations,seasonal,valentine,A must-have for that special day,,54.99,http://d4gg7osqby27r.cloudfront.net/images/seasonal/d08a900a-211d-4020-8d8b-b36659ecae7c.jpg,,15,
60519db3-763d-41c8-aaf2-630799feefd5,http://d4gg7osqby27r.cloudfront.net/#/product/60519db3-763d-41c8-aaf2-630799feefd5,,Easter Decorative Egg,seasonal,easter,A favorite for early April,,46.99,http://d4gg7osqby27r.cloudfront.net/images/seasonal/60519db3-763d-41c8-aaf2-630799feefd5.jpg,,12,
b5daf920-8f69-4603-9ccb-1d7f2b77656e,http://d4gg7osqby27r.cloudfront.net/#/product/b5daf920-8f69-4603-9ccb-1d7f2b77656e,,Razor,beauty,grooming,Razor for every bathroom,,65.99,http://d4gg7osqby27r.cloudfront.net/images/beauty/b5daf920-8f69-4603-9ccb-1d7f2b77656e.jpg,,15,
aee3290c-fe89-4606-916f-b59867dbcf04,http://d4gg7osqby27r.cloudfront.net/#/product/aee3290c-fe89-4606-916f-b59867dbcf04,,Morrocan Cuisine,books,cooking,Learn to cook Morrocan cuisine with these easy recipes,,27.99,http://d4gg7osqby27r.cloudfront.net/images/books/aee3290c-fe89-4606-916f-b59867dbcf04.jpg,,7,
28762499-dd36-4b23-96d3-db3eeeaed548,http://d4gg7osqby27r.cloudfront.net/#/product/28762499-dd36-4b23-96d3-db3eeeaed548,,Perfect grey sofa,furniture,sofas,"Comfy, warm, and nice.",,399.0,http://d4gg7osqby27r.cloudfront.net/images/furniture/28762499-dd36-4b23-96d3-db3eeeaed548.jpg,,10,
a9d41cae-8d0b-40e9-b198-d18dc0b81158,http://d4gg7osqby27r.cloudfront.net/#/product/a9d41cae-8d0b-40e9-b198-d18dc0b81158,,Christmas Ornament,seasonal,christmas,A must-have for the holidays,,115.99,http://d4gg7osqby27r.cloudfront.net/images/seasonal/a9d41cae-8d0b-40e9-b198-d18dc0b81158.jpg,,9,
2a68a810-b819-4d5c-9c13-c43be2eba3c4,http://d4gg7osqby27r.cloudfront.net/#/product/2a68a810-b819-4d5c-9c13-c43be2eba3c4,,Rattan Basket,homedecor,decorative,This rattan basket is a must-have for your home decor,,15.99,http://d4gg7osqby27r.cloudfront.net/images/homedecor/2a68a810-b819-4d5c-9c13-c43be2eba3c4.jpg,,13,
0d354dd4-ebd3-4787-8c9f-dd75f6f401a4,http://d4gg7osqby27r.cloudfront.net/#/product/0d354dd4-ebd3-4787-8c9f-dd75f6f401a4,,Valentine Chocolates,seasonal,valentine,Be sure to order early for that special day,,35.99,http://d4gg7osqby27r.cloudfront.net/images/seasonal/0d354dd4-ebd3-4787-8c9f-dd75f6f401a4.jpg,,17,
e30ac0a3-8fbc-446a-a97c-4efff7c00c54,http://d4gg7osqby27r.cloudfront.net/#/product/e30ac0a3-8fbc-446a-a97c-4efff7c00c54,,Christmas Wreath,floral,wreath,Christmas wreath grown sustainably on our organic farms,,100.99,http://d4gg7osqby27r.cloudfront.net/images/floral/e30ac0a3-8fbc-446a-a97c-4efff7c00c54.jpg,,15,
0e2fdf0e-a5cd-424e-b58f-aa5ab24ab903,http://d4gg7osqby27r.cloudfront.net/#/product/0e2fdf0e-a5cd-424e-b58f-aa5ab24ab903,,Easter Plastic Egg,seasonal,easter,A favorite for early April,,54.99,http://d4gg7osqby27r.cloudfront.net/images/seasonal/0e2fdf0e-a5cd-424e-b58f-aa5ab24ab903.jpg,,14,
b2d44b10-c317-49cc-acb3-4bf9e5af8a74,http://d4gg7osqby27r.cloudfront.net/#/product/b2d44b10-c317-49cc-acb3-4bf9e5af8a74,,Multicolor Checkered Shirt,apparel,shirt,Casual shirt for men of all ages,,232.99,http://d4gg7osqby27r.cloudfront.net/images/apparel/b2d44b10-c317-49cc-acb3-4bf9e5af8a74.jpg,M,9,
a56308af-abd2-41a0-9cf3-b4a040fd8d3f,http://d4gg7osqby27r.cloudfront.net/#/product/a56308af-abd2-41a0-9cf3-b4a040fd8d3f,,Easter Chocolate Egg,seasonal,easter,A must-have for April,,31.99,http://d4gg7osqby27r.cloudfront.net/images/seasonal/a56308af-abd2-41a0-9cf3-b4a040fd8d3f.jpg,,8,
8b44da10-1133-48e5-b1a6-4f081e46a150,http://d4gg7osqby27r.cloudfront.net/#/product/8b44da10-1133-48e5-b1a6-4f081e46a150,,Apples,groceries,fruits,This delish fruit is everyone's favorite,,2.99,http://d4gg7osqby27r.cloudfront.net/images/groceries/8b44da10-1133-48e5-b1a6-4f081e46a150.jpg,,15,
8325cf2c-2158-4b9b-ab7a-d55e072e9ce6,http://d4gg7osqby27r.cloudfront.net/#/product/8325cf2c-2158-4b9b-ab7a-d55e072e9ce6,,Dark Slate Gray Backpack,accessories,backpack,Dark slate gray backpack is practical for traveling,,90.99,http://d4gg7osqby27r.cloudfront.net/images/accessories/8325cf2c-2158-4b9b-ab7a-d55e072e9ce6.jpg,,10,
2c27752b-8194-489f-96fa-be356fd811e0,http://d4gg7osqby27r.cloudfront.net/#/product/2c27752b-8194-489f-96fa-be356fd811e0,,Dark Gray Backpack,accessories,backpack,This dark gray backpack for men is unequaled for exploring far and wide,,104.99,http://d4gg7osqby27r.cloudfront.net/images/accessories/2c27752b-8194-489f-96fa-be356fd811e0.jpg,M,19,
0403293c-572f-4a75-bbad-129a95db912a,http://d4gg7osqby27r.cloudfront.net/#/product/0403293c-572f-4a75-bbad-129a95db912a,,Marvelous Bracelet,jewelry,bracelet,A marvelous bracelet for women to adorn any wrist,,112.99,http://d4gg7osqby27r.cloudfront.net/images/jewelry/0403293c-572f-4a75-bbad-129a95db912a.jpg,F,10,
6b2f84ac-e8c8-4581-a474-6657765887be,http://d4gg7osqby27r.cloudfront.net/#/product/6b2f84ac-e8c8-4581-a474-6657765887be,,Paddle,outdoors,kayaking,Be sure to use this paddle for speedier kayaking,,24.99,http://d4gg7osqby27r.cloudfront.net/images/outdoors/6b2f84ac-e8c8-4581-a474-6657765887be.jpg,,17,
9b752d29-c442-4347-b282-a9b0b77be1b2,http://d4gg7osqby27r.cloudfront.net/#/product/9b752d29-c442-4347-b282-a9b0b77be1b2,,Cushion Set,homedecor,cushion,This cushion set is very stylish,,37.99,http://d4gg7osqby27r.cloudfront.net/images/homedecor/9b752d29-c442-4347-b282-a9b0b77be1b2.jpg,,12,
47549d7f-6352-4128-8e48-dbb838cd3b4c,http://d4gg7osqby27r.cloudfront.net/#/product/47549d7f-6352-4128-8e48-dbb838cd3b4c,,Hammer,tools,hammer,Essential hammer for every craftperson,,15.99,http://d4gg7osqby27r.cloudfront.net/images/tools/47549d7f-6352-4128-8e48-dbb838cd3b4c.jpg,,17,
eb18ce0f-6a22-41e6-b04a-27daab2846d0,http://d4gg7osqby27r.cloudfront.net/#/product/eb18ce0f-6a22-41e6-b04a-27daab2846d0,,Cool Glasses,accessories,glasses,These cool glasses for men are unsurpassed,,73.99,http://d4gg7osqby27r.cloudfront.net/images/accessories/eb18ce0f-6a22-41e6-b04a-27daab2846d0.jpg,M,18,
043ae9af-556e-4ac9-b2ce-9c97071d4d08,http://d4gg7osqby27r.cloudfront.net/#/product/043ae9af-556e-4ac9-b2ce-9c97071d4d08,,Light Slate Gray Work Table,furniture,tables,Increase your productivity with this unequaled light slate gray worktable,,295.99,http://d4gg7osqby27r.cloudfront.net/images/furniture/043ae9af-556e-4ac9-b2ce-9c97071d4d08.jpg,,8,
e5816ea5-3ce2-4b86-9530-9b221b357b43,http://d4gg7osqby27r.cloudfront.net/#/product/e5816ea5-3ce2-4b86-9530-9b221b357b43,,Jar Candle,homedecor,lighting,This jar candle will enhance your home,,43.99,http://d4gg7osqby27r.cloudfront.net/images/homedecor/e5816ea5-3ce2-4b86-9530-9b221b357b43.jpg,,11,
038bad45-2da7-40ed-ad24-a18dcf4ae139,http://d4gg7osqby27r.cloudfront.net/#/product/038bad45-2da7-40ed-ad24-a18dcf4ae139,,Sienna Shoes,footwear,formal,Pair of sienna formal shoes for women,,9.99,http://d4gg7osqby27r.cloudfront.net/images/footwear/038bad45-2da7-40ed-ad24-a18dcf4ae139.jpg,F,7,
7392337e-0136-4e87-875e-0f7b668ab742,http://d4gg7osqby27r.cloudfront.net/#/product/7392337e-0136-4e87-875e-0f7b668ab742,,Cushion Set,homedecor,cushion,This cushion set is a must-have for your house,,31.99,http://d4gg7osqby27r.cloudfront.net/images/homedecor/7392337e-0136-4e87-875e-0f7b668ab742.jpg,,7,
c863d368-e299-4ae3-bac7-7f2cbb6717d6,http://d4gg7osqby27r.cloudfront.net/#/product/c863d368-e299-4ae3-bac7-7f2cbb6717d6,,Sublime Bracelet,jewelry,bracelet,Sublime bracelet for women for every occasion,,133.99,http://d4gg7osqby27r.cloudfront.net/images/jewelry/c863d368-e299-4ae3-bac7-7f2cbb6717d6.jpg,F,9,
7c0b9b63-33ae-409c-b5f5-d5aa020a4344,http://d4gg7osqby27r.cloudfront.net/#/product/7c0b9b63-33ae-409c-b5f5-d5aa020a4344,,Video Camera,electronics,camera,This video camera is perfect for capturing those special moments,,1706.99,http://d4gg7osqby27r.cloudfront.net/images/electronics/7c0b9b63-33ae-409c-b5f5-d5aa020a4344.jpg,,11,
128237ba-34a4-4d45-88e1-fcb00109ff81,http://d4gg7osqby27r.cloudfront.net/#/product/128237ba-34a4-4d45-88e1-fcb00109ff81,,Floor Lamp,homedecor,lighting,This floor lamp is a must-have for the lighting of your home,,32.99,http://d4gg7osqby27r.cloudfront.net/images/homedecor/128237ba-34a4-4d45-88e1-fcb00109ff81.jpg,,16,
b87da3f8-9a3e-417d-abd7-16329c5be1ba,http://d4gg7osqby27r.cloudfront.net/#/product/b87da3f8-9a3e-417d-abd7-16329c5be1ba,,Luxurious Soap,beauty,bathing,Enjoy the fragrance of this luxurious soap,,43.99,http://d4gg7osqby27r.cloudfront.net/images/beauty/b87da3f8-9a3e-417d-abd7-16329c5be1ba.jpg,,19,True
58c4056b-bad4-4098-9996-2c6d3be93218,http://d4gg7osqby27r.cloudfront.net/#/product/58c4056b-bad4-4098-9996-2c6d3be93218,,Cookie,groceries,bakery,Cookie made fresh daily in our kitchens,,10.99,http://d4gg7osqby27r.cloudfront.net/images/groceries/58c4056b-bad4-4098-9996-2c6d3be93218.jpg,,13,
2a503471-8576-4a1c-9f4b-f33d6048781b,http://d4gg7osqby27r.cloudfront.net/#/product/2a503471-8576-4a1c-9f4b-f33d6048781b,,Electric Bass,instruments,strings,This electric bass will delight the most demanding musician,,428.99,http://d4gg7osqby27r.cloudfront.net/images/instruments/2a503471-8576-4a1c-9f4b-f33d6048781b.jpg,,19,
610d0b43-fbc2-481c-b2cb-570a4f8c214c,http://d4gg7osqby27r.cloudfront.net/#/product/610d0b43-fbc2-481c-b2cb-570a4f8c214c,,Christmas Wreath,floral,wreath,Christmas wreath grown sustainably on our organic farms,,147.99,http://d4gg7osqby27r.cloudfront.net/images/floral/610d0b43-fbc2-481c-b2cb-570a4f8c214c.jpg,,13,
59b807a4-23d7-49f4-b3c1-64035bb3f35b,http://d4gg7osqby27r.cloudfront.net/#/product/59b807a4-23d7-49f4-b3c1-64035bb3f35b,,Funky Scarf,apparel,scarf,Funky scarf for men,,80.99,http://d4gg7osqby27r.cloudfront.net/images/apparel/59b807a4-23d7-49f4-b3c1-64035bb3f35b.jpg,M,18,
4952a24b-7c7c-4ee6-a448-720e97927ba8,http://d4gg7osqby27r.cloudfront.net/#/product/4952a24b-7c7c-4ee6-a448-720e97927ba8,,Cool Watch,accessories,watch,Cool men's watch for every occasion,,84.99,http://d4gg7osqby27r.cloudfront.net/images/accessories/4952a24b-7c7c-4ee6-a448-720e97927ba8.jpg,M,16,
7ebde00c-9738-42af-9d28-1a20e1619611,http://d4gg7osqby27r.cloudfront.net/#/product/7ebde00c-9738-42af-9d28-1a20e1619611,,Swanky Sandals,footwear,sandals,Swanky pair of sandals for women,,9.99,http://d4gg7osqby27r.cloudfront.net/images/footwear/7ebde00c-9738-42af-9d28-1a20e1619611.jpg,F,18,
c54d3f55-35b8-47c6-9771-a573aa00f4ad,http://d4gg7osqby27r.cloudfront.net/#/product/c54d3f55-35b8-47c6-9771-a573aa00f4ad,,Peru-Orange Chair,furniture,chairs,Enjoy this soft peru-orange dining chair,,146.99,http://d4gg7osqby27r.cloudfront.net/images/furniture/c54d3f55-35b8-47c6-9771-a573aa00f4ad.jpg,,17,
778b57bd-7c54-4edd-8ed4-02deb90bad94,http://d4gg7osqby27r.cloudfront.net/#/product/778b57bd-7c54-4edd-8ed4-02deb90bad94,,Sienna Dresser,furniture,dressers,Unparalleled sienna dresser with lots of drawers is a must-have,,228.99,http://d4gg7osqby27r.cloudfront.net/images/furniture/778b57bd-7c54-4edd-8ed4-02deb90bad94.jpg,,11,
437f3c6b-5fe6-4af0-9db6-ff3a0f44f585,http://d4gg7osqby27r.cloudfront.net/#/product/437f3c6b-5fe6-4af0-9db6-ff3a0f44f585,,Dark Slate Gray Backpack,accessories,backpack,Dark slate gray men's backpack for roving far and wide during the season,,87.99,http://d4gg7osqby27r.cloudfront.net/images/accessories/437f3c6b-5fe6-4af0-9db6-ff3a0f44f585.jpg,M,18,
2c6ce233-7b8c-4866-b04e-ec71c083b797,http://d4gg7osqby27r.cloudfront.net/#/product/2c6ce233-7b8c-4866-b04e-ec71c083b797,,White Dining Table,furniture,tables,Ideal white dining room for the whole family,,148.99,http://d4gg7osqby27r.cloudfront.net/images/furniture/2c6ce233-7b8c-4866-b04e-ec71c083b797.jpg,,13,
e48a456e-bf9c-4750-976f-1e66db61b7b9,http://d4gg7osqby27r.cloudfront.net/#/product/e48a456e-bf9c-4750-976f-1e66db61b7b9,,Tomato,groceries,vegetables,Keep your pantry well stocked with this delish and polyvalent veggie,,4.99,http://d4gg7osqby27r.cloudfront.net/images/groceries/e48a456e-bf9c-4750-976f-1e66db61b7b9.jpg,,15,
79f35543-d013-426e-a2b2-64a03921243f,http://d4gg7osqby27r.cloudfront.net/#/product/79f35543-d013-426e-a2b2-64a03921243f,,Wooden Coffee Table,furniture,tables,Cool wooden coffee table to enliven your day,,165.99,http://d4gg7osqby27r.cloudfront.net/images/furniture/79f35543-d013-426e-a2b2-64a03921243f.jpg,,15,
f0b502a3-9b02-4dff-9898-97ce83a4fb81,http://d4gg7osqby27r.cloudfront.net/#/product/f0b502a3-9b02-4dff-9898-97ce83a4fb81,,Visit Australia,books,travel,Plan your next trip with this essential reference book on Australia,,15.99,http://d4gg7osqby27r.cloudfront.net/images/books/f0b502a3-9b02-4dff-9898-97ce83a4fb81.jpg,,17,
274f6a3b-a782-4c02-a35c-098d38fccb50,http://d4gg7osqby27r.cloudfront.net/#/product/274f6a3b-a782-4c02-a35c-098d38fccb50,,Halloween Decoration,seasonal,halloween,A must-have for that fanciful day loved by all,,15.99,http://d4gg7osqby27r.cloudfront.net/images/seasonal/274f6a3b-a782-4c02-a35c-098d38fccb50.jpg,,9,
b48717fa-76f0-4cd9-af37-81961de245a6,http://d4gg7osqby27r.cloudfront.net/#/product/b48717fa-76f0-4cd9-af37-81961de245a6,,Sassy Glasses,accessories,glasses,These sassy glasses for women are perfect everywhere,,134.99,http://d4gg7osqby27r.cloudfront.net/images/accessories/b48717fa-76f0-4cd9-af37-81961de245a6.jpg,F,14,
4ce887e4-5122-4460-ac6e-eddf8bd0e64c,http://d4gg7osqby27r.cloudfront.net/#/product/4ce887e4-5122-4460-ac6e-eddf8bd0e64c,,Cream Cake,groceries,bakery,This tasty cream cake will delight everyone,,17.99,http://d4gg7osqby27r.cloudfront.net/images/groceries/4ce887e4-5122-4460-ac6e-eddf8bd0e64c.jpg,,16,
59bb3cc4-9757-49a0-ac62-8c0afe105a3d,http://d4gg7osqby27r.cloudfront.net/#/product/59bb3cc4-9757-49a0-ac62-8c0afe105a3d,,Indoor Plant,floral,plant,Indoor plant grown sustainably on our organic farms,,117.99,http://d4gg7osqby27r.cloudfront.net/images/floral/59bb3cc4-9757-49a0-ac62-8c0afe105a3d.jpg,,17,
ba131f5c-e3c7-4617-acbd-22c561c7cf97,http://d4gg7osqby27r.cloudfront.net/#/product/ba131f5c-e3c7-4617-acbd-22c561c7cf97,,Brown Shoes,footwear,formal,Pair of brown formal shoes for men,,9.99,http://d4gg7osqby27r.cloudfront.net/images/footwear/ba131f5c-e3c7-4617-acbd-22c561c7cf97.jpg,M,15,
af4c855d-7897-41e3-b265-35941a64e659,http://d4gg7osqby27r.cloudfront.net/#/product/af4c855d-7897-41e3-b265-35941a64e659,,Faultless Speakers,electronics,speaker,Faultless speakers to fill the house with beautiful music,,152.99,http://d4gg7osqby27r.cloudfront.net/images/electronics/af4c855d-7897-41e3-b265-35941a64e659.jpg,,16,
b354d578-7bc2-460e-a1d1-703ae0af1343,http://d4gg7osqby27r.cloudfront.net/#/product/b354d578-7bc2-460e-a1d1-703ae0af1343,,Trendy Watch,accessories,watch,This trendy watch for men is unparalleled everyday,,95.99,http://d4gg7osqby27r.cloudfront.net/images/accessories/b354d578-7bc2-460e-a1d1-703ae0af1343.jpg,M,7,
11c35f7b-ae6f-4291-92a0-0741ce3bdbb0,http://d4gg7osqby27r.cloudfront.net/#/product/11c35f7b-ae6f-4291-92a0-0741ce3bdbb0,,Drill,tools,drill,This drill is a must-have for your toolbox,,18.99,http://d4gg7osqby27r.cloudfront.net/images/tools/11c35f7b-ae6f-4291-92a0-0741ce3bdbb0.jpg,,14,
77165ec4-e965-47b2-adbc-5d0e519c00ed,http://d4gg7osqby27r.cloudfront.net/#/product/77165ec4-e965-47b2-adbc-5d0e519c00ed,,Dark Slate Gray Backpack,accessories,backpack,Dark slate gray men's backpack for strolling far and wide during the season,,114.99,http://d4gg7osqby27r.cloudfront.net/images/accessories/77165ec4-e965-47b2-adbc-5d0e519c00ed.jpg,M,17,
8e3d277d-0e58-438a-a271-904d86528f4f,http://d4gg7osqby27r.cloudfront.net/#/product/8e3d277d-0e58-438a-a271-904d86528f4f,,Saddle Brown Boots,footwear,boot,This pair of saddle brown boots is sublime for the weekend,,162.99,http://d4gg7osqby27r.cloudfront.net/images/footwear/8e3d277d-0e58-438a-a271-904d86528f4f.jpg,F,9,
122339eb-ecbb-42e1-96c5-7559c3656f83,http://d4gg7osqby27r.cloudfront.net/#/product/122339eb-ecbb-42e1-96c5-7559c3656f83,,Mushrooms,groceries,vegetables,Keep your pantry well stocked with this yummy and polyvalent veggie,,5.99,http://d4gg7osqby27r.cloudfront.net/images/groceries/122339eb-ecbb-42e1-96c5-7559c3656f83.jpg,,13,
b840c965-bff0-481f-8d65-e3c2142a39c5,http://d4gg7osqby27r.cloudfront.net/#/product/b840c965-bff0-481f-8d65-e3c2142a39c5,,Dark Slate Gray Jacket,apparel,jacket,Well-insulated all seasons casual jacket for men,,146.99,http://d4gg7osqby27r.cloudfront.net/images/apparel/b840c965-bff0-481f-8d65-e3c2142a39c5.jpg,M,7,
a835dad2-1935-40a4-a32d-da112fafc3a3,http://d4gg7osqby27r.cloudfront.net/#/product/a835dad2-1935-40a4-a32d-da112fafc3a3,,Foolproof Fishing Reel,outdoors,fishing,Foolproof and easy to use fishing reel,,73.99,http://d4gg7osqby27r.cloudfront.net/images/outdoors/a835dad2-1935-40a4-a32d-da112fafc3a3.jpg,,7,
2da1845a-7577-4103-872f-f9df131441e9,http://d4gg7osqby27r.cloudfront.net/#/product/2da1845a-7577-4103-872f-f9df131441e9,,White Sneakers,footwear,sneaker,This pair of white sneakers is awesome for exploring in the neighborhood,,191.99,http://d4gg7osqby27r.cloudfront.net/images/footwear/2da1845a-7577-4103-872f-f9df131441e9.jpg,F,9,
4cdc5870-4d96-4cc3-8fc0-4ef81d7cc7f6,http://d4gg7osqby27r.cloudfront.net/#/product/4cdc5870-4d96-4cc3-8fc0-4ef81d7cc7f6,,Oysters,groceries,seafood,"Yummy oysters, always sourced sustainably",,23.99,http://d4gg7osqby27r.cloudfront.net/images/groceries/4cdc5870-4d96-4cc3-8fc0-4ef81d7cc7f6.jpg,,18,
d3707d88-756b-4937-b0d4-d7c84e4cc14e,http://d4gg7osqby27r.cloudfront.net/#/product/d3707d88-756b-4937-b0d4-d7c84e4cc14e,,Wrench,tools,wrench,This wrench is a must-have for your toolbox,,11.99,http://d4gg7osqby27r.cloudfront.net/images/tools/d3707d88-756b-4937-b0d4-d7c84e4cc14e.jpg,,19,
02b959b5-7fa8-44ad-8eb2-faf6b750980e,http://d4gg7osqby27r.cloudfront.net/#/product/02b959b5-7fa8-44ad-8eb2-faf6b750980e,,Black Sofa,furniture,sofas,This rich black sofa will be the highlight of any room,,403.99,http://d4gg7osqby27r.cloudfront.net/images/furniture/02b959b5-7fa8-44ad-8eb2-faf6b750980e.jpg,,19,
6c5a41f0-8df6-4279-802e-f06d00c0fb0e,http://d4gg7osqby27r.cloudfront.net/#/product/6c5a41f0-8df6-4279-802e-f06d00c0fb0e,,Saw,tools,saw,This saw is a must-have for your toolbox,,22.99,http://d4gg7osqby27r.cloudfront.net/images/tools/6c5a41f0-8df6-4279-802e-f06d00c0fb0e.jpg,,7,
7094c84b-1110-4849-b7cd-e05c13e71357,http://d4gg7osqby27r.cloudfront.net/#/product/7094c84b-1110-4849-b7cd-e05c13e71357,,Alarm Clock,homedecor,clock,This alarm clock is a must-have,,122.99,http://d4gg7osqby27r.cloudfront.net/images/homedecor/7094c84b-1110-4849-b7cd-e05c13e71357.jpg,,7,
3648ad78-08f6-421e-a025-999f4bdc8fa7,http://d4gg7osqby27r.cloudfront.net/#/product/3648ad78-08f6-421e-a025-999f4bdc8fa7,,Tan Office Chair,furniture,chairs,Increase your productivity with this nice tan office chair,,87.99,http://d4gg7osqby27r.cloudfront.net/images/furniture/3648ad78-08f6-421e-a025-999f4bdc8fa7.jpg,,10,
